District,Soil Type,pH Level,Organic Matter (%),Nitrogen Content (kg/ha),Potassium Content (kg/ha),Soil_Fertility_Index
JAIPUR,Chalky (Calcareous),6.546096221061305,1.5698074946102492,27.93197233289177,42.78276562266879,35.35736897778028
BHILWARA,Nitrogenous,6.832259215450055,2.2430181447088184,22.26348005530817,37.64437674091061,29.95392839810939
JODHPUR,Sandy,7.453181905630415,2.662898323771095,23.56418215707875,37.08200336826997,30.323092762674364
JAIPUR,Clay,8.019189425509659,1.240326962261579,15.839222009447155,42.758703999554605,29.29896300450088
JAIPUR,Sandy,8.100130874869414,1.7684193189573003,27.942866964419988,30.6512915015229,29.29707923297144
JODHPUR,Chalky (Calcareous),7.305739612408495,2.095211944962529,32.24609360642517,40.17220505852921,36.20914933247719
HANUMANGARH,Sandy,6.255836323293505,1.6708757938330758,32.26754356277234,40.29492110794799,36.281232335360166
ALWAR,Clay,7.723436250401349,1.8287253995711168,30.85231885498285,38.966943601519766,34.90963122825131
BHILWARA,Nitrogenous,7.805108084794611,2.078486480484217,27.067343652180323,43.57304895318309,35.32019630268171
UDAIPUR,Black lava soil,6.475029360711261,2.579537032477949,28.31872630659464,45.98623461822614,37.1524804624104
UDAIPUR,Loamy,6.814163151384767,1.6452794987862267,28.557256520621475,48.67468287918404,38.61596969990276
UDAIPUR,Loamy,7.071613953086604,1.7222266102565666,31.021945158014884,38.02159644121868,34.52177079961678
AJMER,Loamy,7.658726630625088,1.8335697978087444,29.53306570550026,32.427648454096165,30.98035707979821
ALWAR,Black lava soil,7.660796605669619,2.8774665358236207,30.09200815391719,43.4636137755843,36.77781096475074
NAGAUR,Sandy,6.8653347517266505,2.851257329064803,31.01164398211401,36.334835022380055,33.67323950224703
UDAIPUR,Loamy,8.409030961278912,2.387577747017392,32.76520042926179,38.75735690962775,35.76127866944477
JODHPUR,Sandy,8.100265829236935,2.0701799349240235,20.16465148206424,39.07077123903626,29.617711360550253
BHILWARA,Black lava soil,7.654999491582777,1.971705755550052,36.09485394896832,40.7179396825258,38.40639681574706
KOTA,Sandy,6.591010387306422,2.379856147742084,29.527706427789987,35.68058519705117,32.60414581242058
NAGAUR,Saline,8.139732465828876,2.520862332029425,32.91772151505944,42.89928642647566,37.90850397076756
HANUMANGARH,Clay,7.146553716006325,2.4277778295103563,38.2474044716196,36.35198765096296,37.299696061291286
AJMER,Loamy,7.680708658636552,1.353429228120676,32.86195155587838,30.65091830233918,31.756434929108774
BHILWARA,Nitrogenous,6.919108078043818,1.8584305516281163,28.495701264295867,41.94489364676092,35.2202974555284
HANUMANGARH,Black lava soil,7.625736804470256,1.9028654340107405,26.221042499208185,48.27703556544148,37.24903903232483
AJMER,Sandy,7.258219258076731,1.6939165414225896,32.45603832705998,39.30301399668383,35.87952616187191
UDAIPUR,Sandy,7.869826575862335,1.0453219562463536,36.59151162426335,37.9425342771891,37.26702295072622
UDAIPUR,Sandy,7.455382922889275,1.98121467751026,21.34399348277537,40.206628161353095,30.775310822064235
UDAIPUR,Nitrogenous,7.721501065223688,2.4757748852870214,24.89418771219849,38.661794545506034,31.777991128852264
AJMER,Nitrogenous,7.9233853876082465,0.9363862898242524,29.50452849879365,42.16131475317078,35.832921625982216
ALWAR,Saline,7.735022093684101,1.646187052588987,26.43913067911978,35.51678886342396,30.97795977127187
UDAIPUR,Black lava soil,7.920991847726063,1.815396399776277,15.465058903391792,34.80728089578014,25.136169899585965
BHILWARA,Saline,6.684362092269527,1.3812866808887136,30.54704235916485,41.5659223693249,36.05648236424487
ALWAR,Clay,7.19674830589213,2.2279520975853515,27.70454844890504,34.22818665883508,30.966367553870057
NAGAUR,Chalky (Calcareous),6.62408559662414,1.8050381467202767,30.79026744960066,37.920165360263205,34.35521640493193
KOTA,Sandy,7.02712696965161,2.3041230958424843,23.41434040026708,34.98891490536638,29.20162765281673
KOTA,Nitrogenous,7.123782381323482,1.2666074046921616,27.49298926557181,42.57814044221978,35.03556485389579
JODHPUR,Clay,7.9892110560140175,2.261071272966968,24.48165085734816,36.099004354412685,30.29032760588042
HANUMANGARH,Nitrogenous,8.16528745201952,1.4016056767868443,34.46848844694556,49.14810100858044,41.808294727763
KOTA,Nitrogenous,7.295156703685251,2.356161079790081,41.40825918269421,32.324798762338204,36.86652897251621
JODHPUR,Nitrogenous,6.559994983046118,2.356356014430665,20.58424895970708,42.18656593519481,31.385407447450945
HANUMANGARH,Chalky (Calcareous),7.592587768414957,2.212722432092086,31.11144927900427,35.23841809630601,33.17493368765514
AJMER,Chalky (Calcareous),7.161502430770734,1.613670277364588,34.15095905931305,42.25612659659254,38.2035428279528
KOTA,Saline,8.091746833444963,1.4109795663118097,38.336120557755685,43.67810998622873,41.007115271992205
JODHPUR,Black lava soil,8.39089945438553,1.171688396161113,27.377759318686746,43.60739661878672,35.49257796873673
JAIPUR,Alkaline,6.974929630198927,2.3787475746687425,36.85268071998357,41.41875511830751,39.135717919145534
UDAIPUR,Black lava soil,7.006063329549625,1.5765745169373178,36.248094526483335,39.80490240311228,38.02649846479781
SRIGANGANAGAR,Chalky (Calcareous),7.2910452271170545,0.9870960634443116,24.645737906577807,33.597722144987664,29.121730025782732
SRIGANGANAGAR,Nitrogenous,7.59473991061054,2.5037219865976,23.725386659988537,44.68957768755328,34.20748217377091
JODHPUR,Alkaline,7.506249660953626,3.434201527833384,21.65700370560902,39.13599131301768,30.396497509313352
HANUMANGARH,Nitrogenous,7.885960077418337,2.220653575849623,26.334219014450017,30.710492743008565,28.522355878729293
JODHPUR,Loamy,7.801623750285697,2.1490792329952626,33.19330084321551,41.83809920104856,37.51570002213204
AJMER,Saline,7.574044709899138,1.559465831669354,26.438896181754743,47.18167702852989,36.81028660514232
UDAIPUR,Black lava soil,7.380944781843973,2.023001373626637,25.47692812503117,43.32708411845889,34.40200612174503
ALWAR,Black lava soil,8.470608718231874,1.5608384614101305,28.10996050490892,43.23244768862885,35.67120409676889
AJMER,Chalky (Calcareous),7.392166181226184,1.5635194547731497,34.40703764461786,35.41862949718138,34.91283357089962
SRIGANGANAGAR,Saline,8.177721400552748,2.585099354598302,30.671482486238965,42.77028885557954,36.72088567090925
SRIGANGANAGAR,Saline,7.069148464871871,2.015015739582041,19.2380822769541,32.1925338877907,25.715308082372403
JODHPUR,Saline,8.2517099142145,1.834939953016775,28.94166509034412,38.55980563038962,33.75073536036687
UDAIPUR,Chalky (Calcareous),8.209265672574018,0.7560956717324603,36.38482693044094,33.964891760713925,35.17485934557743
JODHPUR,Loamy,6.962343803475381,2.8381965136041014,25.272465600286345,45.68657271182364,35.47951915605499
KOTA,Loamy,7.669276438142957,1.5310372117318003,31.083124877023096,45.50410699211302,38.29361593456806
ALWAR,Sandy,8.030685482436567,2.2660030994109714,31.808305306235084,39.99843163694113,35.90336847158811
SRIGANGANAGAR,Sandy,6.909062937289599,2.224736956416153,40.43023524768557,38.19268616653007,39.31146070710783
NAGAUR,Chalky (Calcareous),7.708223019050727,1.9730475754971304,25.088482098113428,51.6002036100863,38.34434285409986
ALWAR,Black lava soil,7.598065729511954,1.547965855132,22.255197374732624,45.51938671658129,33.88729204565696
UDAIPUR,Loamy,7.737583873247691,1.998798079540573,27.053641741053468,44.173756631624414,35.61369918633894
KOTA,Chalky (Calcareous),7.956885810692793,1.2271351066546334,37.94919489090342,46.99797322572897,42.47358405831619
JODHPUR,Black lava soil,6.828936125757442,1.3170879222922809,29.255153451163515,48.98180411463482,39.11847878289917
JAIPUR,Nitrogenous,7.853039456907566,1.8786593615939835,24.86815396167054,35.176472871246425,30.02231341645848
UDAIPUR,Alkaline,8.314234277386161,1.8578076751967447,37.95291036308925,39.31502255278771,38.63396645793848
SRIGANGANAGAR,Chalky (Calcareous),7.240301814086937,1.82954606132696,32.14158346187619,37.03094295965647,34.58626321076633
BHILWARA,Nitrogenous,7.417184294841184,2.039288514859575,19.35632952792594,35.10139387641597,27.228861702170956
KOTA,Clay,6.923333798397128,1.1563278264446448,21.03053751066055,36.45489521184755,28.74271636125405
KOTA,Sandy,8.476629568763284,1.737060162052398,30.88875053134016,40.65532593107925,35.772038231209706
NAGAUR,Loamy,7.4612782696370035,1.4023531182003777,37.25463774139606,31.58670652938657,34.420672135391314
SRIGANGANAGAR,Saline,6.98798570455681,1.860094828811497,25.177311025449043,36.35863898796693,30.767975006707985
SRIGANGANAGAR,Nitrogenous,8.582528033903301,2.595274297171798,31.062870153161075,45.52950212178654,38.29618613747381
AJMER,Nitrogenous,7.218026255970878,1.5918913777290176,30.39071531484824,40.69530199326709,35.543008654057665
SRIGANGANAGAR,Black lava soil,6.711501758904501,1.5985877780245787,29.63013568202811,49.86271088394904,39.74642328298857
JAIPUR,Loamy,6.807006028800501,2.2527946209179373,37.44556554164145,37.978012884080194,37.71178921286082
KOTA,Chalky (Calcareous),7.7457147263601,2.284880178599324,30.977408657766453,42.17987694750023,36.57864280263334
AJMER,Sandy,6.233876957390157,2.341034745031316,30.63088951830984,50.23431097859779,40.43260024845382
KOTA,Nitrogenous,7.162532990604724,1.7984620054674847,39.95776651102367,37.2494235853173,38.60359504817049
ALWAR,Clay,7.426487288284575,2.4203672410647745,31.039012536766567,37.339157184364055,34.18908486056531
KOTA,Sandy,7.196322783393894,1.9613894773884768,32.129218293149144,31.11994122975799,31.624579761453568
HANUMANGARH,Black lava soil,8.031970493780427,2.126284422998312,36.92266023796953,45.50661478867881,41.21463751332417
UDAIPUR,Black lava soil,7.733272655725063,2.673112878101374,32.611253180088895,51.36217360223441,41.98671339116165
BHILWARA,Loamy,7.944518561139946,2.2868722105022066,23.61847791730832,41.46357741070927,32.541027664008794
ALWAR,Black lava soil,7.572760598884121,1.692938717495842,30.7049134980603,43.477012372751496,37.0909629354059
JODHPUR,Clay,6.929495745123631,1.944245586428528,25.9751675957372,37.93192167185179,31.953544633794493
SRIGANGANAGAR,Chalky (Calcareous),7.261177208697997,1.3724323140133026,29.36172659240905,25.352756549988666,27.357241571198852
HANUMANGARH,Black lava soil,8.526486012250832,2.544384827108336,28.11849637537502,34.14172826341219,31.130112319393604
JODHPUR,Alkaline,8.347861438905433,2.948644347386556,30.783468641232623,40.87643389466962,35.82995126795112
UDAIPUR,Sandy,6.831637280562035,1.7940883155181713,30.659639833859785,38.90673361282482,34.783186723342304
SRIGANGANAGAR,Nitrogenous,7.454300221245442,1.9595607510672688,30.261292452487417,36.41491925436032,33.33810585342387
KOTA,Alkaline,6.857707867150015,2.4889077748431,19.471765290798377,46.93174698631422,33.2017561385563
BHILWARA,Nitrogenous,7.34890970650869,0.6984314560863507,28.193447190163543,34.947008900355435,31.57022804525949
SRIGANGANAGAR,Alkaline,7.242390803095879,2.765097599431676,33.324635811508706,32.01200415202284,32.66831998176578
AJMER,Chalky (Calcareous),7.336491341195114,1.8932716103247809,32.48099593681658,42.55749787680931,37.51924690681295
AJMER,Sandy,8.467577020030115,2.407750511222132,29.759557463346137,38.21663432910064,33.98809589622339
UDAIPUR,Saline,8.090320456226072,1.6863432770243485,30.22611354499991,37.49107903594234,33.85859629047113
KOTA,Black lava soil,6.81376722605795,2.161487251808834,29.69498014072308,37.33199846780417,33.51348930426362
ALWAR,Alkaline,8.110410649406523,1.5616131093940775,38.56020142008946,42.17385032278445,40.36702587143696
JAIPUR,Saline,7.737715341263311,1.6022214660295588,32.12196968930506,28.91590580322968,30.51893774626737
UDAIPUR,Nitrogenous,7.751372403745408,0.7533645898349612,25.17167598238396,37.09108983303973,31.13138290771185
KOTA,Sandy,6.913060017795514,1.901031135507659,40.339531690817765,34.74345044180328,37.54149106631053
JODHPUR,Loamy,8.248715841589814,2.928851171768866,29.48284387854858,50.4792175090458,39.9810306937972
NAGAUR,Black lava soil,8.297221195874599,2.3394734938811164,25.9379882553129,39.19819959477584,32.56809392504437
KOTA,Black lava soil,7.665425652307789,2.725500719065668,34.39708520568701,46.88248225009769,40.63978372789235
AJMER,Sandy,7.656566070006578,2.343532897929458,37.33270429639302,39.82087210646768,38.57678820143035
JODHPUR,Chalky (Calcareous),7.234272724320393,1.216070287317272,31.7335498880246,30.79961127747124,31.26658058274792
ALWAR,Nitrogenous,7.483859694475265,2.3202714675373866,30.615391008280906,33.50391818277088,32.05965459552589
SRIGANGANAGAR,Alkaline,7.616393371470082,1.6216180114920369,19.05039147510724,44.791929099210215,31.921160287158727
ALWAR,Saline,7.52583048842554,2.1145373441028514,35.371590063577806,44.52008777380657,39.94583891869219
BHILWARA,Black lava soil,7.351258899563075,2.6559918692869733,31.60392862966341,33.64969455643984,32.62681159305163
SRIGANGANAGAR,Nitrogenous,7.643477927150855,1.5840225412527744,26.808586367357528,34.66882534050387,30.7387058539307
UDAIPUR,Sandy,8.56238570150848,2.665669530994202,39.60183751072131,40.35626874955446,39.979053130137885
JODHPUR,Saline,6.853246187397952,1.652152561401468,25.409365082917127,38.0188516094912,31.714108346204164
JODHPUR,Saline,8.034189666847007,2.302060444794259,41.51819376052394,46.296166198934,43.90717997972897
BHILWARA,Chalky (Calcareous),8.073220435200364,1.5133105809864826,35.0356666823658,38.86261870023296,36.94914269129938
JAIPUR,Nitrogenous,7.088032256514,1.640445274275407,40.24906047892963,43.910650007657296,42.079855243293466
SRIGANGANAGAR,Saline,7.104550309166223,1.6100735268891806,35.409924046249714,37.92393116047364,36.66692760336168
NAGAUR,Alkaline,7.517013705536116,2.0556863009200264,29.10453357491922,43.46427877908906,36.284406177004136
ALWAR,Nitrogenous,7.867318772729665,1.5070980956660869,28.579224510356013,44.47323593786936,36.52623022411269
ALWAR,Clay,6.813570274259468,2.175739950176101,20.10887375312595,49.48883508372988,34.798854418427915
NAGAUR,Alkaline,7.026053641365507,1.582838477254209,33.8201489078643,36.83622485057481,35.32818687921956
JODHPUR,Loamy,7.798220568790876,1.6828570761552983,28.820150063945142,42.10773041768281,35.463940240813976
JODHPUR,Alkaline,7.633409198147701,1.8304388603649808,31.850305576344777,42.289028049628925,37.06966681298685
ALWAR,Sandy,7.251533987441011,1.908715512810229,25.05021103723993,35.94499568185577,30.497603359547853
ALWAR,Nitrogenous,6.9429767749190034,2.129330573927694,31.063698879288303,37.84437215212451,34.45403551570641
JODHPUR,Saline,7.7040264234183775,2.275398786136832,32.223869039157975,40.74681741135594,36.48534322525696
AJMER,Saline,7.68207014802733,2.003589233453971,19.56761170814457,51.06265519698621,35.31513345256539
KOTA,Alkaline,7.319980365621508,1.6359614510723397,31.86674279855699,45.96367582708207,38.91520931281953
JAIPUR,Nitrogenous,6.871065922045556,2.3656901262874963,32.95211030625732,41.69343658960845,37.32277344793289
UDAIPUR,Saline,8.014728740799178,2.436157690014225,24.28490343963136,39.67655697483741,31.980730207234387
JAIPUR,Alkaline,7.536437049007758,2.036598495500847,29.2487850560087,39.58141020075394,34.41509762838132
NAGAUR,Chalky (Calcareous),6.940226935808416,1.803235072015136,30.893473584052376,43.015473424744165,36.95447350439827
KOTA,Saline,7.074732360626478,3.2425949583394456,31.3238765548899,39.24142783211386,35.282652193501875
HANUMANGARH,Clay,7.766679622352725,2.4197342522592025,36.09097355877128,44.36098500036489,40.22597927956809
JAIPUR,Saline,7.342456634402946,1.7141269790219693,31.663037551620988,38.886396496116966,35.27471702386897
JODHPUR,Clay,8.032585982857194,2.7263083727430897,25.418395404632903,39.29812470547332,32.35826005505311
UDAIPUR,Alkaline,7.6538063340945985,1.7377164931164746,36.76101339433572,40.1972352412037,38.47912431776971
ALWAR,Sandy,6.782045238065736,1.3420920917862464,31.40504625140904,45.06318704822036,38.234116649814695
AJMER,Clay,7.42092307781384,3.621546484797367,41.53958125308056,39.46831498734343,40.503948120212
JAIPUR,Clay,7.997790757001015,2.851586304959019,21.80985471281992,36.889825972228095,29.349840342524008
HANUMANGARH,Nitrogenous,7.791368791586932,2.2484367952537987,35.348857274919254,28.419280685155616,31.884068980037437
KOTA,Nitrogenous,7.929007097651072,1.5859018635173827,19.90756067805681,43.96587844109339,31.9367195595751
UDAIPUR,Loamy,7.438971433939361,1.771075806908755,29.203188839270467,33.259764440299165,31.231476639784816
NAGAUR,Chalky (Calcareous),7.142659661504784,2.2606399525069074,31.6083927068825,35.0242575907331,33.3163251488078
JODHPUR,Sandy,7.409248418932166,0.9114674767785726,30.892383319426948,32.62933933978947,31.760861329608208
AJMER,Sandy,7.207036163341122,2.164553389355065,36.26421317213742,36.53874835367052,36.40148076290397
AJMER,Alkaline,6.515538428791959,2.051719064654053,40.21038020071872,39.88860510408144,40.04949265240008
SRIGANGANAGAR,Chalky (Calcareous),7.661041155383493,1.994453998025699,25.93492813869935,41.12880761555877,33.53186787712906
KOTA,Chalky (Calcareous),7.5088066259668285,1.512316986360875,36.517539659673794,37.23539581316349,36.87646773641865
NAGAUR,Loamy,8.00091242684097,1.7512145808073964,26.08998253744481,31.144657234559546,28.61731988600218
SRIGANGANAGAR,Alkaline,7.735771190209103,1.084427560830825,23.857780843671183,39.569651536045534,31.71371618985836
NAGAUR,Black lava soil,7.424839769864064,1.836651893406818,24.78711152664712,42.32184931773287,33.55448042219
JODHPUR,Clay,7.224724034145757,2.1581791607680723,25.573756569378887,46.51639018658032,36.045073377979605
SRIGANGANAGAR,Black lava soil,7.793082900196391,1.79379309089176,31.28599485177964,40.03940092347364,35.66269788762664
KOTA,Black lava soil,7.337194473925749,1.9178323970573043,31.06046676537088,34.920605865050106,32.99053631521049
BHILWARA,Saline,6.805728723084394,1.199864447748145,23.913586538897604,35.53606242254058,29.724824480719093
SRIGANGANAGAR,Black lava soil,7.756807232115548,2.017356874376281,20.15747893280973,44.05399322795855,32.10573608038414
KOTA,Chalky (Calcareous),7.0030686625825735,2.210095771447496,25.717508812954005,33.677507965225175,29.69750838908959
JODHPUR,Clay,6.603446773732712,1.808591405193516,29.381355268625818,34.0798472088872,31.73060123875651
AJMER,Loamy,7.300050468934431,2.134647376290367,29.77553484938732,36.64942399772884,33.21247942355808
NAGAUR,Alkaline,8.085858957358079,1.4119133317226096,32.4378014854336,42.40454046374448,37.421170974589046
ALWAR,Alkaline,7.398737886467585,1.7358514766685105,35.18043825523128,35.149378698101785,35.16490847666653
UDAIPUR,Black lava soil,7.30122111725414,2.618826878755999,31.89883818020448,38.44846147307548,35.17364982663998
ALWAR,Sandy,7.192838427951853,1.6451055038832323,34.89444779278389,48.04390427867187,41.46917603572789
NAGAUR,Chalky (Calcareous),7.914114845092311,2.545430835301849,27.68530243987371,32.83424092737644,30.259771683625075
JODHPUR,Clay,7.237668796466599,2.246827423821576,36.48031530890698,38.17247031507367,37.32639281199032
JODHPUR,Saline,7.424350389883739,1.3021053989037574,32.956746208792,39.02304824411488,35.98989722645344
HANUMANGARH,Black lava soil,7.274025314044061,1.6053307471401628,29.964775072597227,38.14071058860667,34.05274283060195
JODHPUR,Loamy,7.135769189159829,2.159762335391478,38.26808634246142,44.98059107455565,41.62433870850853
JODHPUR,Loamy,6.804889037423269,2.0788807196468846,24.513158405144665,36.30314296270482,30.40815068392474
UDAIPUR,Clay,8.095949667206787,2.4750079143348227,31.215023610272,39.01859674306032,35.116810176666164
KOTA,Chalky (Calcareous),7.650850004450867,2.087768114789299,20.78103208259627,39.67961117925642,30.230321630926344
SRIGANGANAGAR,Sandy,7.768145454758595,0.9019360894500268,29.189380122600703,44.248059942581065,36.71872003259088
JODHPUR,Black lava soil,7.846428792118719,2.2912856594044024,26.00029746649033,38.034736214693,32.01751684059167
AJMER,Black lava soil,8.00081591260428,2.696727263762216,33.55274551148893,41.89819824192983,37.72547187670938
JODHPUR,Saline,7.22194062661961,1.93496985322319,38.34534762913165,48.07389395354926,43.209620791340456
KOTA,Clay,7.338985922753971,2.6627160545475395,22.96592495251231,36.31614932026189,29.6410371363871
NAGAUR,Nitrogenous,6.792366404037907,2.109267021205473,35.04735894297984,32.504920197708,33.77613957034392
JODHPUR,Loamy,7.454077617832523,1.9562823356114087,32.74159813777249,39.70292409363753,36.22226111570501
NAGAUR,Clay,8.427751657397131,2.112117372267646,28.267867469965505,38.686702398419165,33.47728493419233
HANUMANGARH,Clay,7.331806527294431,2.480152398140735,32.31241812033427,40.86127193205519,36.58684502619473
NAGAUR,Saline,7.835765585864527,2.7640156796939164,34.4375198370703,40.300429973075815,37.36897490507306
JAIPUR,Alkaline,7.694156002711725,2.6247524503530792,23.33611301260175,36.1371562562188,29.73663463441028
UDAIPUR,Black lava soil,7.689576559363062,2.615111087825394,27.01512856639463,37.93889627487765,32.47701242063614
KOTA,Loamy,7.956736866008703,2.26881495147494,32.14093123905288,33.60484631890107,32.87288877897697
HANUMANGARH,Black lava soil,7.757647160812233,1.5828590949826875,40.920483666902285,37.09675848723025,39.008621077066266
BHILWARA,Alkaline,7.1943073763056855,1.953527896693206,28.80249038989125,40.93208084872023,34.86728561930574
SRIGANGANAGAR,Sandy,7.134184130545736,2.945220342577892,30.24654165760112,36.958867462776205,33.60270456018866
HANUMANGARH,Alkaline,7.681557813872262,2.1555549955715976,20.55175353951924,46.45322230461274,33.50248792206599
KOTA,Alkaline,7.301402341927006,1.4488651297720725,31.73780806901776,41.77834474281615,36.75807640591695
ALWAR,Clay,7.595788698097045,2.253120494652963,37.23652849695903,34.751722505450296,35.994125501204664
JAIPUR,Loamy,8.181281426356225,2.820307281744144,45.760283672560426,41.21441006575137,43.4873468691559
AJMER,Black lava soil,6.458950648405507,2.2765745781896047,27.258998509166137,36.12692514990709,31.69296182953661
BHILWARA,Alkaline,6.655408481016369,1.76436812964874,20.12256114391431,29.6745847687184,24.89857295631636
BHILWARA,Loamy,7.514228790591579,0.9610940900719016,28.39851097731679,41.803239457178975,35.10087521724788
BHILWARA,Clay,7.068253197517533,1.984398255530458,30.09008436022223,33.16570818359587,31.62789627190905
SRIGANGANAGAR,Black lava soil,7.796283636923666,0.6478041841986124,26.850577238180943,43.166634130356194,35.00860568426857
HANUMANGARH,Chalky (Calcareous),7.511315426338434,1.2972184730718568,25.075034370914924,39.604663290677216,32.33984883079607
SRIGANGANAGAR,Saline,7.210437945182127,1.7595831052440103,33.48083998579644,39.55954377985464,36.52019188282554
SRIGANGANAGAR,Black lava soil,8.584968294040271,1.2881586815580386,20.740786342126707,36.60678469352949,28.6737855178281
UDAIPUR,Saline,7.3408812361286895,1.609421810934443,28.70099929616244,44.0106422930906,36.35582079462652
JODHPUR,Saline,7.931111755943489,1.2918864721036774,24.24423131723565,35.95309589458623,30.098663605910936
AJMER,Saline,7.978351593192829,2.258473257874185,28.892433685239386,36.55557228712297,32.724002986181176
KOTA,Sandy,7.602379441200892,2.3829391397403072,21.92056606294764,44.662174354773335,33.291370208860485
JODHPUR,Clay,7.292449855518315,2.350350306060292,44.07327222236276,41.96653525002662,43.01990373619469
HANUMANGARH,Nitrogenous,7.130971458169304,2.0906255813010253,32.30135812491152,34.90152340145572,33.60144076318362
JAIPUR,Black lava soil,7.603180885662725,2.731097969358818,32.24317882257264,38.81494014993686,35.52905948625475
HANUMANGARH,Alkaline,7.874950119711856,2.139633919108263,25.24544635156384,35.041516682798445,30.143481517181144
BHILWARA,Nitrogenous,7.183559862557604,2.094664153646187,31.48622136690062,45.26992885591438,38.3780751114075
HANUMANGARH,Saline,7.786003139150236,1.6476357821945582,22.312076017754123,37.7702814306942,30.04117872422416
ALWAR,Sandy,7.556570228526511,1.8184416694222167,19.96271569627495,38.47190444465844,29.21731007046669
NAGAUR,Chalky (Calcareous),7.816830512387029,1.6509001626944753,38.39337336686283,46.55583748901312,42.47460542793797
JAIPUR,Black lava soil,7.387840514560947,2.429792436171778,30.399007420293664,38.063190177235946,34.231098798764805
HANUMANGARH,Loamy,6.950689787411094,2.710252143635532,29.432596770589296,46.17375957022398,37.80317817040664
AJMER,Sandy,6.984022378952782,2.2977454488196285,27.050526217685544,40.36139482692145,33.7059605223035
NAGAUR,Nitrogenous,6.749889069276532,1.6105814785897827,36.7553644620657,39.68680211336383,38.22108328771476
KOTA,Chalky (Calcareous),7.621561729256446,1.8528787471817711,36.78291692913991,41.15921046067424,38.97106369490707
KOTA,Saline,8.073015072071033,1.6113142575770467,37.79394592248447,48.14821065556399,42.97107828902424
UDAIPUR,Alkaline,7.313662208024013,1.8786506260873592,20.54994914408529,34.800967344865576,27.675458244475436
HANUMANGARH,Loamy,7.196176827313264,1.93134451710556,34.78895807236453,41.53838326700557,38.16367066968505
JAIPUR,Black lava soil,6.952240305577218,1.559622955198635,38.99362509175656,48.28104126028648,43.63733317602152
BHILWARA,Black lava soil,7.378469400559567,2.001143968071752,35.35182580114965,39.44593719860456,37.39888149987711
KOTA,Loamy,7.305878473239231,1.9720397757388928,31.689787641160592,40.02114929497076,35.85546846806568
JODHPUR,Loamy,7.809443149011577,2.8191798661354706,31.906548061323925,32.40544587454966,32.155996967936794
AJMER,Saline,6.184634931585468,2.1941878646150843,29.52587884359564,41.217651020931726,35.37176493226368
SRIGANGANAGAR,Clay,7.469798135401546,2.563890125316949,30.43055434129489,44.95083119479644,37.69069276804567
BHILWARA,Clay,7.391434462526899,2.2632683418361537,27.612946469036,40.42084115092848,34.01689380998224
SRIGANGANAGAR,Chalky (Calcareous),7.506414321771842,2.2399135176834166,28.656771233451288,37.83613058205805,33.246450907754664
JAIPUR,Black lava soil,7.8969092335719075,1.8513119603784467,28.76808298742726,36.44013386370538,32.60410842556632
AJMER,Clay,6.72859839087855,1.9196844402372528,27.57913024375632,39.12310772050655,33.35111898213144
HANUMANGARH,Sandy,7.745752823623392,1.995355719216092,31.53490536343119,38.28560569221218,34.91025552782168
BHILWARA,Nitrogenous,7.639174317322335,1.745393318700433,25.768201400565136,37.606207142391554,31.687204271478343
JAIPUR,Loamy,7.679737898773562,3.1745378933503785,26.4197828186208,39.68438493444376,33.05208387653228
JAIPUR,Nitrogenous,7.6978994243548735,2.1317754059773923,36.420478969740586,28.06535064902164,32.24291480938111
UDAIPUR,Clay,7.252060913994925,2.5486500937718546,22.17175984197202,42.85589703109604,32.51382843653403
UDAIPUR,Saline,7.621828611851357,1.4548957966002851,25.07230199639535,40.5526765873697,32.81248929188253
JAIPUR,Loamy,7.1868423619084965,2.24703195948776,15.726866685478043,34.369730195444745,25.048298440461394
KOTA,Black lava soil,7.371829660813754,1.7309761207549308,33.98921889947884,40.22745738165376,37.1083381405663
UDAIPUR,Sandy,7.779168211605853,2.9283237182809776,27.591170144532622,30.98068603718817,29.285928090860395
JODHPUR,Black lava soil,6.304021897843488,2.42238718789085,29.97219853175965,33.13298555515125,31.552592043455448
BHILWARA,Chalky (Calcareous),7.759951069764376,2.9344089202719266,32.09852804178633,40.04278040412175,36.07065422295404
JODHPUR,Alkaline,6.714559271437044,2.677786467855174,26.94571180097467,32.18482846714373,29.5652701340592
ALWAR,Saline,6.91027016774611,2.717543699611117,28.263488555210785,39.60884670470741,33.9361676299591
BHILWARA,Sandy,6.579051113521071,2.44603379986586,27.05053841122196,40.12605433770041,33.58829637446119
KOTA,Clay,6.728440886028565,2.0821473826852843,40.981115710764,39.71241123497269,40.346763472868346
AJMER,Nitrogenous,8.037671700978448,2.1053342326015554,31.04767115131397,41.16924012894799,36.10845564013098
ALWAR,Loamy,8.017721708208473,1.5819689239499877,37.122479106234735,35.561152442307296,36.34181577427101
SRIGANGANAGAR,Loamy,7.998816038460122,1.856602882130865,33.79757443743054,39.70086928235048,36.74922185989051
ALWAR,Alkaline,7.746780102167146,2.145448528795003,20.022341097741307,44.64704992395408,32.334695510847695
HANUMANGARH,Clay,7.433931705549226,1.738134348614289,23.20712992371263,29.89100680019026,26.549068361951445
JODHPUR,Nitrogenous,7.4493596406492335,1.7007812097094763,25.167060545073426,41.81985315426369,33.49345684966856
BHILWARA,Alkaline,8.546598966104973,1.2440582902183932,35.79690521650261,36.1045363031165,35.95072075980956
KOTA,Loamy,7.601617977293015,1.7711833753311923,30.928442902093696,43.02803116315656,36.97823703262513
ALWAR,Sandy,7.754304186616721,1.7848453400226787,22.579716675378325,46.03304077431957,34.30637872484895
UDAIPUR,Chalky (Calcareous),6.736416071705176,1.4724553159116525,30.63133868117034,36.03738276442394,33.33436072279714
JODHPUR,Chalky (Calcareous),7.288200709135912,1.3171912979049254,25.12939076891816,33.46315108884518,29.29627092888167
SRIGANGANAGAR,Sandy,6.701063932752581,1.6849875102330527,33.659777512549226,37.67709460942191,35.66843606098557
KOTA,Black lava soil,7.522179398757803,1.127146283570174,32.473528268875164,37.9534576295214,35.21349294919828
ALWAR,Loamy,8.002962255898208,1.4362519505234808,35.63954496626785,38.31723705060913,36.97839100843849
JAIPUR,Alkaline,7.490063182315844,1.9463676170945288,36.101414482088586,36.18740380426701,36.1444091431778
AJMER,Nitrogenous,8.01815144603624,1.7022325324080705,34.50266538665796,37.99102486529184,36.2468451259749
SRIGANGANAGAR,Saline,7.840681163287653,1.4231538593300708,33.773666490339046,42.365191410801074,38.06942895057006
ALWAR,Nitrogenous,7.177213963982302,1.1694582922164138,32.516260323747524,38.41324753878733,35.464753931267424
HANUMANGARH,Nitrogenous,7.970590933209984,2.095948867936518,39.74171322394906,36.73050805837212,38.23611064116059
KOTA,Loamy,7.513656689925719,1.976314648727782,22.089116183269365,37.1961954651007,29.642655824185034
ALWAR,Black lava soil,6.481889748572032,2.023746734125821,28.7546407767348,42.02106432638666,35.38785255156073
KOTA,Saline,7.857936372345479,2.1135172394324444,28.37965912395515,43.40110180238346,35.89038046316931
JODHPUR,Sandy,7.653701784859843,1.5876938747826197,31.383003827555903,37.01685470694135,34.19992926724863
KOTA,Alkaline,8.548969669566215,1.7371845330073077,30.16203506670068,41.1163541796013,35.63919462315099
UDAIPUR,Sandy,6.628889153682362,1.7269791005916395,24.539393998257164,44.97223687754454,34.75581543790085
AJMER,Sandy,7.823003093557276,0.8141703195705539,40.2103482646394,36.117504297535,38.1639262810872
UDAIPUR,Black lava soil,7.578563959495471,2.0880949112513463,26.665756415242186,36.96263856189847,31.81419748857033
NAGAUR,Sandy,7.297819003654989,1.6568604321224578,22.836643551301737,42.92649718258169,32.88157036694172
ALWAR,Nitrogenous,7.757441798038186,2.409962626317617,31.621701050074343,44.198319322155946,37.91001018611514
SRIGANGANAGAR,Clay,6.821241230079033,1.5496643087437598,25.178999642883777,44.713942570700375,34.946471106792075
BHILWARA,Saline,7.743652618522497,2.5359649326058986,25.60358608794006,39.37412785808418,32.48885697301212
ALWAR,Chalky (Calcareous),7.923441051942457,1.9423878837239013,28.075285557949595,44.380845835956166,36.22806569695288
NAGAUR,Alkaline,7.165827402576599,1.969462164323812,24.707796831791736,41.00229815706864,32.85504749443019
HANUMANGARH,Alkaline,7.804452678127316,2.1310334045433628,20.252191411228164,28.9082611997446,24.580226305486384
AJMER,Clay,8.184850553827092,1.456972708940957,36.27701804729948,35.49704823731969,35.88703314230958
JODHPUR,Clay,6.933607524366128,2.175185108193169,25.778379814084644,37.585862045965406,31.682120930025025
AJMER,Black lava soil,6.609420792767184,0.8847659904377705,31.133421242472984,37.23455091542934,34.183986078951165
AJMER,Nitrogenous,7.847931919546893,2.5867211383162223,28.637276393190955,42.50071516556942,35.56899577938019
JODHPUR,Alkaline,6.821532215150213,2.1115765273738485,32.75942985911077,30.316236487487675,31.53783317329922
AJMER,Alkaline,7.119322365095529,1.560868373588267,30.499434772046065,47.48355203722991,38.99149340463799
AJMER,Saline,7.2525172598159635,1.751213750845393,35.74836009439373,46.33825755593987,41.0433088251668
KOTA,Black lava soil,7.644364001504918,1.4214416906433645,23.334358226110968,43.31025917379237,33.32230869995167
JAIPUR,Clay,8.094298411543503,2.9246810706931905,34.2155266616162,37.09991833673158,35.657722499173886
AJMER,Alkaline,6.921792091628071,2.4250396662087765,32.088403761197,41.93685740316495,37.012630582180975
ALWAR,Sandy,7.661592741229103,2.6419084299267808,36.47492792408478,44.22901436281464,40.35197114344971
NAGAUR,Chalky (Calcareous),7.757031276212388,1.7694151339826905,33.7828233745657,45.269457761479416,39.52614056802256
JODHPUR,Sandy,6.902738530116983,2.1429016433973667,25.77423020786921,39.83037387036045,32.80230203911483
ALWAR,Black lava soil,6.702622020918334,2.21034981550924,27.110396115836448,40.00662844367204,33.55851227975425
HANUMANGARH,Clay,7.697710492694019,1.521215522492394,27.05333884286319,44.283512401212775,35.66842562203799
AJMER,Chalky (Calcareous),8.338688543902744,1.5974141241285618,35.3842407232884,34.02905299453855,34.70664685891347
UDAIPUR,Black lava soil,7.020610771906613,1.3237456552796387,22.0820580510621,38.92966151136069,30.505859781211395
BHILWARA,Sandy,7.689702698802555,2.345236343060757,31.32808496586267,39.65233856878865,35.49021176732566
HANUMANGARH,Black lava soil,6.906503305847128,2.528907090410398,27.054439336094365,39.11041062097801,33.08242497853619
JAIPUR,Clay,7.043594540351744,1.791284809005284,31.720269607817333,35.51084966787185,33.61555963784459
JODHPUR,Clay,7.256147313525628,2.537166502385122,32.482000588669706,45.90064086870764,39.19132072868867
UDAIPUR,Clay,8.07214653427997,1.306065724772099,33.819301758167114,37.24509098230875,35.53219637023793
UDAIPUR,Black lava soil,7.584007670266264,2.4726057673057418,32.50415795502106,43.7122945679631,38.10822626149208
AJMER,Loamy,7.181206228962018,2.108341559482143,28.48324966261433,43.83121487520255,36.15723226890844
JAIPUR,Alkaline,6.979903140092051,2.9725975371384665,20.89456965352752,41.85105944970871,31.372814551618116
JAIPUR,Sandy,7.7921570832176545,1.949762139714148,29.713046484992287,38.8446526127116,34.278849548851944
JAIPUR,Loamy,8.196590628967453,2.419674557115801,34.36412175502817,39.60305787797149,36.98358981649983
AJMER,Clay,7.349767025639649,1.4971993121552671,31.800820919728835,43.27701914925119,37.53892003449001
BHILWARA,Clay,6.964904218552834,2.8595203064209107,25.51833670703969,43.95929655194034,34.73881662949002
NAGAUR,Saline,7.214679784899943,2.4262343217164752,23.85408201099792,40.07074632482879,31.962414167913355
ALWAR,Alkaline,7.20179429601556,1.8504091137862828,34.044596346963594,36.253211552886114,35.14890394992486
SRIGANGANAGAR,Nitrogenous,7.389231701208131,1.411518943615016,39.10271953970908,44.158083930902016,41.63040173530555
UDAIPUR,Loamy,7.604735041823886,1.507732974759016,29.970226453936352,39.05869332456847,34.514459889252414
SRIGANGANAGAR,Saline,8.096556472925514,2.510757696390932,34.59457427329165,34.60078776109256,34.5976810171921
JODHPUR,Sandy,7.193206197318602,2.09812047033336,32.72893356766178,39.959433991941246,36.34418377980151
HANUMANGARH,Alkaline,7.579044612661592,1.861227871842224,36.4563691950794,46.55095954040448,41.50366436774193
UDAIPUR,Loamy,7.3920197398248835,2.4687387462534627,38.17533197263759,34.53929203285634,36.357312002746966
UDAIPUR,Loamy,7.37316196122881,1.8274176472751016,32.44627267538164,35.80553662987132,34.12590465262648
AJMER,Clay,7.533919256958469,0.9900363339219318,37.20972502900945,40.27931969922248,38.744522364115966
AJMER,Black lava soil,7.345175143005969,2.5730137875067074,15.812467793013106,39.47090621251151,27.641687002762307
JODHPUR,Saline,7.273181806204159,2.863113272817816,25.563352705721144,41.78126394353042,33.67230832462578
KOTA,Saline,8.130759626267757,1.6664054576112473,26.33515550438121,42.12660654165055,34.23088102301588
JAIPUR,Chalky (Calcareous),6.72753132666162,1.7303474927683649,31.931913269240304,36.60384673403522,34.267880001637764
AJMER,Nitrogenous,6.04287200509153,2.2616115928685168,23.89839655028012,25.838370375079297,24.86838346267971
JODHPUR,Saline,7.906990430098871,2.0643087252024834,28.87171809643874,43.18662341511536,36.02917075577705
HANUMANGARH,Loamy,8.308150021360959,1.303632263916502,29.82724688023018,38.85308834072266,34.34016761047642
SRIGANGANAGAR,Nitrogenous,7.375692073116661,2.313306818631536,30.227819405709493,43.51720066569448,36.87251003570199
AJMER,Alkaline,8.577464338691572,1.8423516723569373,25.294886496668106,35.98859986430228,30.641743180485197
JAIPUR,Alkaline,8.240980384218268,1.858390980527384,27.17211816063005,43.59208711735821,35.38210263899413
AJMER,Black lava soil,7.4211265083842575,1.679166589934809,38.32675958811765,40.17783037016497,39.25229497914131
HANUMANGARH,Clay,7.826153075805115,1.1843324447914634,32.40130250702963,44.11391390417001,38.25760820559982
HANUMANGARH,Loamy,7.018674494040512,2.3463845159244303,35.529165331473564,41.25658324119051,38.39287428633204
UDAIPUR,Nitrogenous,7.38434952853515,1.711790211832578,37.35517345408552,34.81466963215002,36.08492154311777
JODHPUR,Black lava soil,7.832684467516415,1.6019315984067524,25.249682512669363,37.58545080269741,31.417566657683388
JODHPUR,Nitrogenous,7.458642488051753,2.1215458638303493,34.75653122149742,39.0456389022341,36.90108506186576
ALWAR,Sandy,7.40090216181014,2.255078734457592,36.36285081464285,37.65434572894795,37.0085982717954
KOTA,Clay,7.003566999457227,1.2773973677938872,33.33134836021762,42.88681762553331,38.10908299287546
KOTA,Clay,7.435670276823972,2.703467372945876,27.57940752707591,39.80628552505228,33.692846526064095
JAIPUR,Sandy,7.195824617660331,2.2962651536588807,32.04818059341997,40.406392110281,36.22728635185048
AJMER,Black lava soil,7.481053459141584,3.19418599643522,35.921283225980865,40.55899579101694,38.2401395084989
BHILWARA,Saline,8.003578600298335,2.258997388195726,30.13102376387018,39.59541331168656,34.86321853777837
KOTA,Nitrogenous,5.914787132060972,2.1053004196488208,27.5576195994482,40.096720354058775,33.82716997675349
HANUMANGARH,Black lava soil,6.905518290232519,1.975059922935941,24.76939457468748,41.45473682169742,33.11206569819245
HANUMANGARH,Black lava soil,7.978919815554134,1.6045591041527172,30.17004048114073,43.50747390962357,36.83875719538215
ALWAR,Clay,7.759435590220061,2.2479025105137853,30.008095156784705,48.02169554154298,39.01489534916384
AJMER,Alkaline,7.357452871478993,2.0693225918550424,24.56936850409295,40.489066465466536,32.52921748477974
JAIPUR,Alkaline,8.051966773350953,1.8718595878742137,28.82041735343938,37.32621664577839,33.073316999608885
NAGAUR,Chalky (Calcareous),7.647485727854411,1.2513711774106775,36.40469788333364,43.60951742719071,40.007107655262175
NAGAUR,Sandy,6.865000701303062,2.3344200652731093,33.359723039072485,35.027857391001035,34.19379021503676
HANUMANGARH,Nitrogenous,7.624774094799038,1.4084719076328054,28.73618372451908,43.98350963535371,36.3598466799364
HANUMANGARH,Clay,7.507591471270216,1.512596712038579,33.22793856087097,28.398422008847884,30.813180284859428
SRIGANGANAGAR,Chalky (Calcareous),7.891314913158259,1.987883583065154,36.01225623991536,24.11648093402,30.06436858696768
SRIGANGANAGAR,Clay,7.639541929172593,2.1457818383409863,21.546641861967743,53.77608871859951,37.66136529028363
HANUMANGARH,Saline,7.347194692923098,2.3654794881881083,26.74670086315808,39.14870876602047,32.94770481458927
KOTA,Chalky (Calcareous),7.367197719856947,1.8000608806658145,29.42679582246804,39.249415243730965,34.3381055330995
JAIPUR,Chalky (Calcareous),6.867996916026318,2.2430923957809696,20.253141223387885,43.69590247350784,31.974521848447864
SRIGANGANAGAR,Sandy,7.753510136067678,1.971302317462982,23.02275747622464,38.68626626156748,30.85451186889606
KOTA,Clay,6.702053015712943,1.6304856709883837,33.2616516908834,37.90282623670725,35.58223896379532
KOTA,Clay,7.87824417715805,1.0429699647062662,33.29725620556806,41.53672808353985,37.41699214455396
JAIPUR,Chalky (Calcareous),7.376123790880145,2.660207004891917,25.62782175830041,38.60246268351733,32.11514222090887
AJMER,Saline,7.420847260995168,1.9080730534203951,25.771634477529435,39.686758889390894,32.72919668346017
JAIPUR,Loamy,7.620620124203365,2.042252572846431,33.989972748061184,34.746883390860994,34.36842806946109
NAGAUR,Loamy,7.934386250295385,1.4068317864450728,32.93927944068867,30.44341554168748,31.691347491188075
UDAIPUR,Saline,7.546489623264705,1.765751943319842,26.206173710323124,36.7316042968129,31.46888900356801
HANUMANGARH,Clay,7.096811535440975,2.037847470002547,33.42794873149208,45.83185272834626,39.62990072991917
KOTA,Black lava soil,7.765487830982045,0.9108943401342848,27.35266518246496,42.39680476714711,34.87473497480603
NAGAUR,Clay,6.187591471812944,3.2745048543588613,32.65513047447105,45.907838582095735,39.28148452828339
UDAIPUR,Sandy,8.671827026406312,2.435373322294202,34.7440654823581,39.292371233165255,37.01821835776168
JAIPUR,Loamy,7.262102277997549,1.586944004142729,26.56492950150251,39.62064274657488,33.092786124038696
AJMER,Clay,6.657666211386807,2.095458262071855,29.81834695978829,37.38934214990004,33.603844554844166
KOTA,Clay,9.038430185090252,2.6800579500901565,23.777287499576385,36.959969285313385,30.368628392444883
JAIPUR,Saline,6.992760136646293,1.3299639644380326,32.161083453796266,44.83913012012602,38.50010678696114
ALWAR,Clay,7.99689110726522,2.6869571926057247,25.738066169629484,43.16227108321151,34.45016862642049
NAGAUR,Chalky (Calcareous),7.262910912448017,1.6141140213035623,38.047603328879866,43.17983875355869,40.61372104121928
BHILWARA,Chalky (Calcareous),7.088961994086036,1.390357766738903,27.15275112753945,34.67889996591325,30.915825546726357
UDAIPUR,Clay,7.495077595674808,1.15574740596575,24.39976288765064,43.01895260138947,33.709357744520055
AJMER,Black lava soil,7.304061617306567,1.4911178454615237,24.862982242369945,43.22259245822646,34.0427873502982
KOTA,Nitrogenous,7.964122845672162,1.7517341322590154,24.23253787007608,35.882325146870755,30.057431508473417
AJMER,Black lava soil,7.240873680569399,2.662638045218519,34.13557714282884,33.64040499443639,33.887991068632616
UDAIPUR,Alkaline,7.60569828373533,2.531328645393763,28.121831671172323,46.46372644759104,37.29277905938169
BHILWARA,Saline,8.331866416071737,2.1526215632656767,32.93695849903006,42.23696968534488,37.58696409218747
BHILWARA,Alkaline,7.249382946104894,1.7757285817360693,31.19277476886869,39.28370542317904,35.238240096023866
BHILWARA,Alkaline,8.048273559115128,0.9043730744173596,37.672410508972575,37.701176920847615,37.686793714910095
KOTA,Chalky (Calcareous),7.771695413935904,2.0015738634531632,36.14995184219342,32.999646384084954,34.574799113139186
NAGAUR,Nitrogenous,7.793631206732089,1.8971860731783765,30.4141628525905,48.74068534560418,39.57742409909734
KOTA,Clay,8.020030909951288,1.6301144180135163,23.32694696544884,42.17251323045653,32.749730097952686
JAIPUR,Clay,7.620102921973111,2.626566412384122,33.94959861090426,41.63427700305218,37.79193780697823
KOTA,Alkaline,6.805350634894505,1.9021507344265487,35.300448699543324,42.51545184311873,38.90795027133103
ALWAR,Chalky (Calcareous),7.340625842376934,1.4850940757290774,29.383279679769448,36.72156140269279,33.05242054123112
JODHPUR,Alkaline,7.382144377571666,1.5302683790070086,35.59622458782048,47.26377772563092,41.4300011567257
JODHPUR,Black lava soil,8.264373925270455,1.959477017639128,24.95775633726325,32.63981463486604,28.798785486064645
AJMER,Nitrogenous,6.81308258755067,2.6892348137307525,30.57912293613473,28.897894955324368,29.73850894572955
ALWAR,Saline,6.901016785391369,2.4435398882231434,31.433870561912933,42.824211793000615,37.12904117745677
HANUMANGARH,Alkaline,8.317898903067908,1.8894787682314744,30.346849013290345,51.96054817636996,41.15369859483015
JAIPUR,Saline,6.450321867790487,2.341611507394404,29.42598875620468,36.713137230026376,33.069562993115525
ALWAR,Black lava soil,7.475517484570775,2.3557052897327475,45.5645510052192,35.759672009847456,40.662111507533325
JAIPUR,Saline,7.288120158988648,1.773292945808073,21.021784136849924,43.66414540910873,32.34296477297933
JAIPUR,Sandy,6.862883940461602,2.5242413255252965,32.43887410542169,39.292351813310766,35.86561295936623
KOTA,Chalky (Calcareous),8.299160903820516,2.366773906752933,30.04391827449074,40.3830453522583,35.21348181337452
JODHPUR,Clay,7.244118221028848,0.9476252471404928,40.210889552673656,41.99073632561269,41.10081293914317
KOTA,Sandy,7.471046125061545,1.632441599637706,29.070377595256147,51.38543249026653,40.227905042761336
JAIPUR,Saline,6.882744000788802,1.4840168580764104,27.798703978068,40.07254499631327,33.93562448719064
HANUMANGARH,Loamy,6.881932101984769,2.6271691803786696,33.65500313392741,43.5786712058542,38.6168371698908
JODHPUR,Chalky (Calcareous),8.697180950291225,3.092547447518056,26.56642328498352,41.9158409487945,34.241132116889005
KOTA,Nitrogenous,7.749547908068875,1.1538645841783357,29.14807117305902,44.14029407446655,36.64418262376279
NAGAUR,Nitrogenous,8.035540250201402,0.9627568244918444,29.88982567997865,39.06660518843277,34.47821543420571
KOTA,Clay,7.864531822501182,2.175582733813542,31.70830115976313,33.91709597932145,32.81269856954229
UDAIPUR,Nitrogenous,6.939234926287487,2.3546762572276587,30.09729127759441,37.88054978838824,33.98892053299132
KOTA,Chalky (Calcareous),7.347405577259624,2.523455897244069,28.323779590659868,43.71825887770087,36.02101923418037
JAIPUR,Clay,7.397561668067642,2.0156979327663884,38.03789153199755,41.44591836559363,39.74190494879559
HANUMANGARH,Saline,6.910538254350837,1.89016527382452,33.047630226043005,41.00422546557855,37.02592784581078
JAIPUR,Sandy,7.550395536322403,2.02064372779372,35.18579449329121,47.39035949178222,41.28807699253672
JODHPUR,Clay,7.003205242202982,2.067962283609174,30.422333931949737,44.78147501045673,37.601904471203234
JODHPUR,Black lava soil,8.66233665292641,1.9914969627580843,32.52510544136884,36.43207665046412,34.478591045916474
KOTA,Sandy,6.589619861098992,1.6471132584523174,23.040208095241343,39.424451530383806,31.232329812812573
AJMER,Sandy,7.327040335476415,2.444576912393903,24.39124448572056,40.34036134624311,32.36580291598183
AJMER,Black lava soil,8.01438449571174,2.250842522584394,31.24162571257941,42.001179277633874,36.62140249510664
ALWAR,Alkaline,7.600826452564627,1.485013862611532,30.23039610816576,40.40541271450412,35.31790441133494
UDAIPUR,Clay,7.259676029255879,3.2696908113914307,29.80052808124144,39.329098946615375,34.56481351392841
AJMER,Black lava soil,7.759679372818944,2.836681973076262,27.05273800030641,44.084185057154905,35.56846152873066
JODHPUR,Nitrogenous,6.809700647050175,1.7819222792462577,28.71189757244503,43.44582228537168,36.07885992890836
KOTA,Saline,7.158182858856806,1.86313537391662,29.928648235253057,40.48913587353962,35.20889205439634
AJMER,Saline,7.71800288761129,2.421919754820869,31.96317057825484,32.08888416626761,32.026027372261225
SRIGANGANAGAR,Loamy,7.52511384958284,2.239753774000804,33.64470597285225,36.70480362555678,35.174754799204514
JODHPUR,Loamy,7.212949662358201,2.268206949945672,35.16940527462104,44.53981156813524,39.85460842137815
JODHPUR,Loamy,7.561739904582297,1.937857111418782,28.943078850910155,41.62788908393535,35.28548396742275
JODHPUR,Sandy,8.63791271382382,1.5738876785013378,32.59050851014988,35.65356506505678,34.122036787603335
NAGAUR,Alkaline,7.494566431482514,2.068676239703518,44.59086777530047,34.349106352576584,39.469987063938525
KOTA,Black lava soil,7.636505358747192,0.962679981226816,29.54021608697867,43.973001914726055,36.756609000852364
HANUMANGARH,Loamy,7.986811124713923,1.7482151905461412,29.24692992685033,34.35968722596153,31.80330857640593
NAGAUR,Alkaline,7.654947389690317,1.3632072257017005,27.926865497140685,42.7484159314513,35.33764071429599
ALWAR,Alkaline,8.400715049633243,1.3492060085983344,20.73490758551216,40.0784889797888,30.40669828265048
SRIGANGANAGAR,Clay,7.609329653378649,1.7768397423828275,28.99680350587284,45.2021544632242,37.09947898454852
UDAIPUR,Saline,6.522475614840858,1.815530280484269,31.06904396970532,48.6558481588365,39.86244606427091
SRIGANGANAGAR,Nitrogenous,7.182295059885631,1.9793536564963583,32.780110484211455,30.76713476097792,31.773622622594687
UDAIPUR,Clay,7.285672736541733,2.5147202779635203,28.315524366074307,44.62836104751361,36.47194270679395
JODHPUR,Sandy,7.3346125519884735,1.744919593174891,30.74728044831655,51.90856765866273,41.32792405348964
KOTA,Alkaline,7.913618053828712,2.579919983194172,27.47016900506072,40.311656748095615,33.89091287657817
UDAIPUR,Alkaline,7.553584957629798,1.4607436293177014,29.123527350479936,41.8019669750904,35.46274716278517
ALWAR,Nitrogenous,7.752143926692137,2.1454823650687214,27.46495670364972,34.00524301003062,30.73509985684017
BHILWARA,Saline,8.392387519592548,2.0067251823096464,28.87573472102574,54.678289511638894,41.77701211633232
JODHPUR,Black lava soil,6.963335983888552,1.7855760371969631,32.0791841814303,44.78966027607842,38.43442222875436
SRIGANGANAGAR,Alkaline,8.403804253884632,2.253078827730356,24.719846000166665,41.53916186256942,33.12950393136804
JODHPUR,Loamy,8.534113020752912,1.3010972607878517,36.012882526126134,44.1891526761474,40.10101760113677
KOTA,Alkaline,7.449002641682034,1.5787836849368369,33.75436389700666,44.86028482869861,39.30732436285264
ALWAR,Loamy,7.493347682310683,1.7000889883400754,22.2060650248808,42.11944741221993,32.16275621855036
UDAIPUR,Nitrogenous,7.01710868356802,1.730713163351688,27.6662059402428,35.911588016974335,31.78889697860857
ALWAR,Nitrogenous,6.933084821596823,1.7937604940560317,26.306512508352185,50.11295115284741,38.20973183059979
ALWAR,Loamy,8.126270365514616,1.6104902892400073,31.36210698326805,45.95542927386738,38.65876812856772
KOTA,Chalky (Calcareous),7.090697486669961,2.546053391991213,27.260473478965324,43.62068279657249,35.44057813776891
ALWAR,Black lava soil,8.145379212061215,3.293954486765342,24.001373674548933,37.95099378103234,30.976183727790637
HANUMANGARH,Nitrogenous,7.891679355262015,1.2647552243843747,23.68615112150718,40.39482022834042,32.0404856749238
HANUMANGARH,Nitrogenous,7.179459366730822,2.32952717195671,35.13447309128957,48.09393819830434,41.61420564479696
HANUMANGARH,Chalky (Calcareous),7.707913314727671,1.3915516448299163,36.8168825676917,44.552092498427854,40.68448753305978
ALWAR,Saline,8.286867108277553,2.2283440053652,22.51920593417676,46.61372233442568,34.56646413430122
NAGAUR,Black lava soil,7.415438657178591,2.039786767471083,33.79412208081805,41.3939990619273,37.59406057137268
HANUMANGARH,Chalky (Calcareous),7.395665814389767,1.8436657771338207,34.28949412645672,38.713499996911054,36.501497061683885
JODHPUR,Chalky (Calcareous),8.04105615649657,1.935482942435108,25.74168912832804,35.10629581845117,30.423992473389607
UDAIPUR,Sandy,7.363794991698156,2.6168621391680964,25.974524094847457,36.716553271862935,31.345538683355198
AJMER,Sandy,7.369845479364281,1.244979394007374,28.897308854217314,42.70143972017848,35.79937428719789
UDAIPUR,Nitrogenous,7.611640456627685,1.4008039375239774,35.420991220217715,40.99196758588743,38.20647940305257
KOTA,Saline,7.4954088233074305,1.74112127638889,31.08901169874363,31.265521543272225,31.177266621007927
JAIPUR,Loamy,7.230619581326952,1.8725265147982053,31.28085302847139,36.14129592701609,33.711074477743736
UDAIPUR,Alkaline,7.251019076591079,1.743732944676725,25.992362049477293,43.854011099939854,34.92318657470857
SRIGANGANAGAR,Nitrogenous,6.973082252317827,2.2139071975764515,21.490488849908324,38.35255349891007,29.9215211744092
KOTA,Black lava soil,8.337429836457032,1.862598847623656,18.993782632745408,40.1701479317334,29.581965282239405
AJMER,Chalky (Calcareous),7.806885427894954,2.187727928813626,30.83785052900496,37.302043896314345,34.069947212659656
AJMER,Sandy,7.947455278013413,1.183992557486791,25.47526083530967,38.62577349665104,32.05051716598035
KOTA,Saline,7.4768693913668285,2.05705074611326,30.309416764435674,39.04879577793392,34.67910627118479
KOTA,Black lava soil,6.751276665697126,2.681614487566125,28.481869635509995,47.944701642220416,38.2132856388652
JAIPUR,Black lava soil,6.878876733225385,1.4372064429840157,24.518898375657173,42.15815814818799,33.338528261922576
UDAIPUR,Sandy,7.869837734058917,3.285997658747484,18.75283772899618,37.21434713713885,27.983592433067518
JODHPUR,Saline,7.206792425555613,1.6901139358730612,25.456151645960134,44.21148663506951,34.83381914051482
BHILWARA,Alkaline,7.511597989278687,2.6755078762435,22.437355173505622,29.11016133902656,25.77375825626609
JAIPUR,Alkaline,7.150292729938356,2.0808492633523765,30.51429288966167,32.94471584466959,31.72950436716563
UDAIPUR,Alkaline,7.901577371307011,2.119813759119499,33.66527140733,41.55745429398895,37.61136285065948
JODHPUR,Chalky (Calcareous),6.906117380041237,1.8013383737243192,32.67182449318192,35.7423001011034,34.20706229714266
JODHPUR,Sandy,7.503136578092209,1.2342323423781785,35.751336979491484,45.59274972127663,40.67204335038406
NAGAUR,Black lava soil,7.236734156451979,1.7382120057967083,26.17906606681077,36.45284421335762,31.3159551400842
KOTA,Alkaline,7.822297716207588,1.808773801165355,20.120183500541906,34.10445892818576,27.11232121436383
BHILWARA,Alkaline,7.516951361841169,1.404796132162755,34.62987550357308,39.1120200262063,36.87094776488969
HANUMANGARH,Clay,7.827946068893791,2.481953467037932,29.89950624115174,31.13015191943936,30.51482908029555
BHILWARA,Black lava soil,7.15697512148241,1.6913938766760193,30.53528726496148,43.43966486025714,36.98747606260931
UDAIPUR,Nitrogenous,7.193508364364655,1.9714794165735288,35.91993721598445,39.69981229155718,37.80987475377081
JAIPUR,Clay,7.199027779032411,1.6833843016425114,25.746933735240265,43.778329193721575,34.76263146448092
JODHPUR,Alkaline,7.389055864353866,1.3251134653093843,38.84084646529892,32.96528299743415,35.903064731366534
JAIPUR,Sandy,7.279075536379588,2.055443191414209,38.522960466486886,44.88020359677974,41.70158203163331
NAGAUR,Alkaline,8.19974321348617,1.685672847462715,28.61243190569884,38.98269429459848,33.797563100148665
HANUMANGARH,Alkaline,7.4817050128285345,2.329824999041185,35.450917355102234,30.163374678870028,32.80714601698613
JAIPUR,Black lava soil,7.4893776103618785,2.14676876498432,31.24708843842521,40.62376049831967,35.93542446837244
ALWAR,Nitrogenous,8.257722404176123,2.190867084481255,28.133157874984576,39.15073821161135,33.64194804329796
HANUMANGARH,Clay,8.31836998091532,1.908349645236901,29.90102827739646,45.494916787209824,37.69797253230314
NAGAUR,Clay,8.479918627372337,2.2253065247156942,30.413864518927127,28.07846605607127,29.2461652874992
AJMER,Black lava soil,7.872575432142408,2.067083207997922,32.14171025330363,38.07771560511454,35.10971292920908
KOTA,Clay,7.294487531748413,2.5108114920365194,28.106200816984533,42.154312095075184,35.130256456029855
JODHPUR,Black lava soil,6.862158670002135,1.9357268533740213,26.74162438921792,47.99735470056895,37.36948954489343
KOTA,Chalky (Calcareous),7.851571271110002,2.266603658949656,30.827018301498523,37.58191430222281,34.20446630186067
ALWAR,Sandy,7.9208903873920065,1.4743899851087487,17.341153418745932,39.29121222986231,28.31618282430412
AJMER,Black lava soil,7.567781708207354,2.364259321757268,33.188029061156044,45.97765694043355,39.5828430007948
KOTA,Saline,6.740515109593343,2.252290907238695,33.13269181668471,32.485646956588056,32.809169386636384
BHILWARA,Nitrogenous,7.1270289367622,1.6692292787423542,33.76709731751215,35.71825740859398,34.74267736305306
UDAIPUR,Black lava soil,7.1941831316527205,2.559316167077106,30.06521687188476,39.449972506494746,34.75759468918975
ALWAR,Alkaline,8.14603016716326,1.625414136698379,36.57754145470052,39.19790309012326,37.88772227241189
JAIPUR,Loamy,8.750450248967141,1.4721802551007015,28.23157120216497,44.76230985268084,36.49694052742291
ALWAR,Chalky (Calcareous),8.34459446682584,2.8349613907023192,36.11974376573002,38.17379511255077,37.1467694391404
SRIGANGANAGAR,Saline,6.664415113752968,3.0179367675908964,32.344890390742336,46.64028444493484,39.49258741783859
JODHPUR,Saline,7.013617741619999,2.203311017111337,29.136854328545827,39.68213230406939,34.40949331630761
UDAIPUR,Loamy,6.774536054444388,2.037788186335019,35.24432070937681,43.87557560794543,39.55994815866112
JAIPUR,Chalky (Calcareous),6.977235257162974,1.986869603365074,26.877447724557115,40.15745781130998,33.51745276793355
SRIGANGANAGAR,Alkaline,7.845036838168307,2.543855213078933,33.458092875606944,35.00893870744297,34.23351579152496
HANUMANGARH,Saline,7.498606944666549,1.7334547989920834,28.279680216478862,35.10037212608878,31.69002617128382
JODHPUR,Chalky (Calcareous),6.521330705433005,1.6659284758361166,30.9668972596208,40.07841118235813,35.522654220989466
NAGAUR,Sandy,8.450134212155483,2.51152827762612,38.21770754560265,45.83754911493223,42.02762833026744
SRIGANGANAGAR,Chalky (Calcareous),7.138017634766106,1.677829866489008,16.304298969312637,47.70161989909943,32.00295943420603
HANUMANGARH,Chalky (Calcareous),7.223411377326365,1.8730241468013824,26.2306894315452,45.624662726516206,35.927676079030704
JAIPUR,Chalky (Calcareous),6.62861401305948,2.2047192653211263,28.61664114140428,42.29497000837146,35.45580557488787
SRIGANGANAGAR,Saline,7.405898780613589,1.9482065732971097,28.93062416222681,42.09379980063749,35.51221198143215
NAGAUR,Sandy,7.61029176886868,1.3645241394538583,28.107101283934227,40.18848286561961,34.14779207477692
NAGAUR,Nitrogenous,7.829765734794569,2.883255900163817,35.19303034604408,37.44505414902137,36.31904224753272
JAIPUR,Sandy,6.223225201972051,1.9158075387635736,28.369937520915755,39.23047386512656,33.800205693021155
UDAIPUR,Saline,7.339807470281602,1.1103005347463897,25.30016085424967,48.57953815566347,36.93984950495657
SRIGANGANAGAR,Sandy,7.451237308127187,2.1639055367870617,34.76239078476403,41.834070216427214,38.29823050059562
UDAIPUR,Clay,7.129754946833921,2.432412219245505,30.757015239758665,36.08700701290705,33.42201112633286
ALWAR,Chalky (Calcareous),7.853516179805393,3.042356460615508,24.96044152285897,41.15803737084046,33.05923944684972
UDAIPUR,Black lava soil,7.893203105997908,1.7202268573552657,15.8348485492863,43.80253059792072,29.81868957360351
UDAIPUR,Alkaline,6.628526234756667,1.696215604110222,37.84091214763663,44.69320011339472,41.26705613051567
JODHPUR,Loamy,7.411943783020068,2.041493709406255,29.345370974369366,35.62078796752445,32.483079470946905
ALWAR,Saline,7.097100172557898,2.505137293418008,29.778192722442192,36.64243896509727,33.210315843769735
HANUMANGARH,Alkaline,7.472610819830588,1.5387935075780232,30.03681340711784,37.56183289522519,33.799323151171514
JAIPUR,Black lava soil,6.781873067535941,2.346961616595629,33.58294669879826,46.66942872750286,40.12618771315056
BHILWARA,Sandy,8.748707563209926,2.0230031933681705,26.79442869887677,33.40515750848745,30.09979310368211
SRIGANGANAGAR,Alkaline,7.510053233434549,2.0898111363159617,36.72573810226207,37.50683052105774,37.11628431165991
KOTA,Nitrogenous,7.024407814806022,1.8290890898769323,24.96536319527428,37.179019100697566,31.07219114798592
JODHPUR,Saline,6.752981103355125,2.627572894187452,27.511637382854804,39.15870432756229,33.335170855208546
AJMER,Chalky (Calcareous),7.53418578298383,1.1267666372104832,31.658238335628813,48.55514404595394,40.10669119079137
KOTA,Alkaline,7.761980256038368,1.8000500049453416,26.27416114841325,43.06395370791645,34.66905742816485
HANUMANGARH,Loamy,7.4872529357074,1.891420596431572,30.29185145408948,38.28397036578481,34.287910909937146
BHILWARA,Alkaline,6.457103780547498,2.486863115426184,31.49398890160881,49.49367490677619,40.4938319041925
UDAIPUR,Clay,7.543508240196194,1.4819282140124015,34.28368710735229,41.972899927421096,38.128293517386695
UDAIPUR,Black lava soil,7.287122197674205,2.225247861889017,28.69120854889453,30.475277729946804,29.583243139420667
JAIPUR,Black lava soil,7.283063268510405,2.861077548904097,26.164662722998496,37.76019330775012,31.962428015374307
AJMER,Chalky (Calcareous),6.892596932055678,0.8958596118858739,28.84706800738193,39.73747465730674,34.292271332344335
NAGAUR,Saline,7.427560719026056,2.021520435425194,35.11420735775382,37.12958711456365,36.12189723615873
KOTA,Nitrogenous,7.359437257555957,2.289673379878388,37.06013439271625,40.49466893514442,38.777401663930334
JODHPUR,Sandy,7.66917872096798,1.5037109966355886,30.10208583606459,31.15474848130301,30.6284171586838
KOTA,Clay,7.683373203946129,1.8080626293346085,31.01140203810609,35.117999756681016,33.06470089739355
HANUMANGARH,Saline,7.477372849017832,1.3834493474925724,36.954861790007,39.021073645157095,37.98796771758205
BHILWARA,Saline,6.978864205976376,2.285210586680398,28.34284314359249,44.26600772525777,36.30442543442513
BHILWARA,Loamy,7.514715295838776,2.258322222967984,25.09337031741268,40.53603981020067,32.81470506380668
KOTA,Clay,7.340576822252634,2.3132173362269723,29.60045773668725,31.883087350293785,30.74177254349052
KOTA,Saline,8.444218469807128,1.917879007483984,33.487934851696,41.54004951108671,37.51399218139135
SRIGANGANAGAR,Loamy,6.848577618237627,2.2260339191298355,28.22012957807084,43.48987015065049,35.854999864360664
UDAIPUR,Saline,6.88372984438986,1.6577541346936016,32.28662140543383,39.30958832669259,35.79810486606321
JODHPUR,Alkaline,7.795568058961966,1.94651426507076,39.7112279737815,40.47310522334679,40.09216659856415
BHILWARA,Clay,6.687227983218969,0.7467142147316417,31.487310265589084,38.57581531128899,35.03156278843904
BHILWARA,Clay,7.446902954980123,3.549149717035629,28.709124309842828,36.7531759019306,32.73115010588671
BHILWARA,Alkaline,7.647616287520302,1.880883162472192,27.94740758635135,45.8859248159217,36.91666620113652
JODHPUR,Nitrogenous,7.568373323699615,0.8478940320280166,28.19495388373716,38.84669166680146,33.52082277526931
JAIPUR,Loamy,8.05160878602683,2.7209712009763005,31.094819579279875,27.82343834108556,29.45912896018272
SRIGANGANAGAR,Black lava soil,7.842081604304477,1.592621998588226,30.88075225943846,38.673812297648986,34.77728227854372
ALWAR,Alkaline,7.516859527450527,2.134296790522149,24.42588906323793,37.015526076340144,30.720707569789035
BHILWARA,Loamy,6.662765269773377,1.945488290018268,30.1718765451323,46.8106620184254,38.49126928177885
HANUMANGARH,Loamy,7.381775581632071,1.9401901878156145,24.484078093834533,40.921545320390514,32.702811707112524
UDAIPUR,Saline,7.289986136352919,1.0476626532672682,37.22206097527544,37.043609953151474,37.13283546421346
ALWAR,Nitrogenous,7.679172255538002,1.4017210356916567,22.53245110873428,43.604984764528176,33.06871793663123
SRIGANGANAGAR,Sandy,7.227406877636839,3.463635046236665,25.028224671845635,37.17303514857299,31.100629910209317
NAGAUR,Sandy,7.621567327569244,1.7648983306073442,33.06166107001256,33.092041407682096,33.076851238847325
AJMER,Sandy,6.600892630295446,0.8882129160314016,27.40965490262472,36.842814862584085,32.1262348826044
KOTA,Saline,8.12170289859358,2.6140151048040674,28.32598506277749,37.16647445972474,32.746229761251115
SRIGANGANAGAR,Black lava soil,7.200089303041469,1.6714325188609709,26.511405480508778,38.0672919205112,32.28934870050999
KOTA,Black lava soil,7.182229450592222,2.104161254312796,31.801843579524306,46.355326630035165,39.07858510477973
JODHPUR,Chalky (Calcareous),7.0099688490796925,1.1910996930923314,31.90389035682525,41.606457353786936,36.7551738553061
ALWAR,Nitrogenous,6.298165699449735,2.6962279707415338,33.36146704020201,32.606114380768574,32.983790710485295
JODHPUR,Loamy,8.336132952048764,1.6313100482510208,25.82907575633688,38.24610897199223,32.03759236416455
BHILWARA,Nitrogenous,7.386140192582124,2.357746548384742,23.004607859077623,42.25481317388238,32.62971051648
HANUMANGARH,Nitrogenous,8.003365035613532,1.2144238244410586,35.407570431498705,45.459026695373225,40.43329856343597
JODHPUR,Saline,7.464889819241192,0.7388610412560248,29.24016308841981,35.53126990458143,32.38571649650062
KOTA,Saline,7.306017515546274,1.9119332482245108,15.50243060065759,35.49312160051413,25.49777610058586
ALWAR,Black lava soil,7.752867716236399,1.956649431925896,36.2880952817968,38.82537864239513,37.55673696209597
AJMER,Black lava soil,7.05324245374036,2.3989253506910693,20.63279348022692,34.50477624222564,27.56878486122628
UDAIPUR,Saline,8.12614183097832,2.0806497713313474,33.22061883925054,31.23811452429501,32.229366681772774
UDAIPUR,Loamy,7.06963541830233,2.336194668805691,30.83327908679922,42.01637281518586,36.42482595099254
NAGAUR,Nitrogenous,7.01664905464867,1.601967931139683,30.514586952616185,48.367209428114926,39.44089819036556
AJMER,Nitrogenous,7.720873368188778,2.613517298524436,22.09698029595416,51.15749455513874,36.62723742554645
JODHPUR,Clay,6.839560822311341,2.3857008974518834,30.005549723436467,42.46441985925935,36.23498479134791
BHILWARA,Sandy,7.916801602418674,1.6994367236655763,35.829582601276115,32.52621926775178,34.17790093451394
HANUMANGARH,Alkaline,7.568298697794376,2.012692638986136,26.41713255787948,42.65447157107975,34.53580206447962
BHILWARA,Alkaline,7.929069535467008,1.938431782323866,33.012901339891705,50.269093450432976,41.64099739516234
AJMER,Loamy,7.093727114939007,3.0526487147291563,30.17443973544704,46.840396752443006,38.50741824394503
NAGAUR,Sandy,7.56295069419748,2.425562049190119,36.11927959271296,37.03879577593592,36.57903768432443
NAGAUR,Black lava soil,7.987856688834625,2.0003777537272978,33.429289093042094,42.23490858504926,37.83209883904568
JAIPUR,Loamy,7.180707087427485,2.8266548185892653,33.11543673944548,42.43154996675111,37.773493353098296
ALWAR,Nitrogenous,7.0007795735616405,2.811628345264027,39.956852092084524,47.952017842868194,43.95443496747636
AJMER,Sandy,7.215425900663733,1.6014432168875097,30.20462374364461,38.0300665937844,34.11734516871451
AJMER,Sandy,7.768884095184242,2.153194741036707,25.008466123544725,44.3176412126076,34.66305366807616
ALWAR,Clay,7.585734658795196,2.5763240516308463,23.91298103251524,34.14859646801612,29.03078875026568
SRIGANGANAGAR,Alkaline,6.942959320883456,1.684534583131105,25.289699082128777,38.929248446444056,32.10947376428642
JODHPUR,Alkaline,7.918577243165692,1.8394204806471488,22.07187146615204,35.8145493319248,28.94321039903842
JODHPUR,Clay,7.470639786447686,2.223268253470356,30.99805209201392,42.3950157169638,36.69653390448886
ALWAR,Saline,7.069345210151446,3.0892810869958307,30.971667316691168,44.819627115277854,37.89564721598451
SRIGANGANAGAR,Nitrogenous,7.624725472965036,2.199614096469664,42.46091999300344,38.41119552991302,40.43605776145823
ALWAR,Chalky (Calcareous),7.558289256006232,2.535757967790519,22.467329849048006,37.064423646899264,29.765876747973635
SRIGANGANAGAR,Alkaline,6.683038520470356,1.7875843262371809,32.51249848064645,32.865867116093284,32.68918279836987
JAIPUR,Saline,7.534668580857674,2.431271742307585,21.52513280741693,44.08653101869163,32.80583191305428
ALWAR,Loamy,7.977042551078314,2.609240107435843,41.01006962329808,40.54785790038929,40.77896376184368
SRIGANGANAGAR,Alkaline,7.291780783375987,2.000988422377905,37.66436677818156,35.694751639172125,36.67955920867684
AJMER,Loamy,8.188590468252281,2.5100182534510447,28.18434176591461,41.70607921246017,34.94521048918739
ALWAR,Nitrogenous,8.250137304500495,2.0372547969133863,35.12816056936291,42.990495775237335,39.05932817230013
BHILWARA,Alkaline,7.524664082897422,2.3612234926104896,28.17359570898057,40.90035518847991,34.53697544873024
ALWAR,Loamy,7.363533339887244,1.582155497489982,35.48610095803219,37.513228142929535,36.49966455048086
NAGAUR,Black lava soil,7.788225672561211,1.2457220158935718,30.924852875365783,48.53664904779612,39.73075096158095
JAIPUR,Chalky (Calcareous),7.114590598635656,1.3608236855988378,25.52286019537479,46.68328678879492,36.10307349208486
JODHPUR,Alkaline,8.274319647512018,2.1601082889744143,36.10647472842574,39.52444176149617,37.81545824496095
UDAIPUR,Loamy,7.333481190473119,1.844804504311217,22.260992218454845,39.79833044892978,31.029661333692317
JAIPUR,Alkaline,7.872680362038938,2.046761748219305,29.18648149215454,40.360766184108805,34.77362383813167
BHILWARA,Alkaline,7.869118615408081,1.4283305044580696,30.437368768403697,36.40967608190868,33.423522425156186
BHILWARA,Loamy,7.206071847546,2.115305424383107,24.33289490853689,35.523228131704,29.928061520120444
JODHPUR,Black lava soil,8.031426846516608,3.1689138726941497,25.696215991490902,36.36629047558991,31.031253233540408
SRIGANGANAGAR,Sandy,8.020477086898895,1.3673707954573926,32.40293379213856,38.96507705450816,35.68400542332336
BHILWARA,Alkaline,6.984487362426346,2.411175235447877,25.815098227802064,38.279509858688336,32.0473040432452
BHILWARA,Saline,7.442763814100568,2.073877953700064,26.19087664170576,47.65167282177205,36.921274731738905
JAIPUR,Chalky (Calcareous),7.110952607083643,2.5859050716369225,37.49048816743892,32.72472697454724,35.10760757099308
AJMER,Black lava soil,7.650980450085882,1.7262962386165634,39.34301609581501,35.989002959824106,37.666009527819554
HANUMANGARH,Alkaline,6.926420244494144,2.544952479545416,27.144080129579063,44.77901372556241,35.96154692757074
NAGAUR,Black lava soil,7.257870824034585,1.97703558562992,29.9171579508874,42.95372167755163,36.43543981421952
AJMER,Loamy,7.389943134372586,2.031824530748259,28.14110494238256,41.28800428699065,34.714554614686605
AJMER,Chalky (Calcareous),8.446095880416534,1.5581404296544683,26.134851451986485,43.62295889361561,34.87890517280105
NAGAUR,Sandy,7.72424272709822,1.920731153791772,25.40990469180517,32.17688936332098,28.793397027563078
UDAIPUR,Loamy,7.571713283428746,2.435762193043967,23.74400431683161,47.8971894584743,35.820596887652954
JAIPUR,Clay,7.194120180247707,2.5679739229719107,29.230011674010843,42.192063497483225,35.71103758574704
SRIGANGANAGAR,Saline,7.05800057162678,2.0662485717478227,28.09255292587953,41.687410373632,34.88998164975577
BHILWARA,Nitrogenous,7.368346096561042,1.921487585777646,23.94919528292921,44.38357093193058,34.166383107429894
ALWAR,Black lava soil,7.982077942085989,1.847277648779159,21.3540855524829,39.69451245997066,30.52429900622678
UDAIPUR,Loamy,7.125600101989973,2.208400787241557,35.83560394001648,46.39287583969687,41.11423988985668
HANUMANGARH,Black lava soil,8.041499969258433,1.4618094062989708,26.631049471702617,26.436937180947808,26.533993326325213
HANUMANGARH,Loamy,7.425272153417506,1.284584399187664,27.617230992832376,38.20877811046246,32.91300455164742
JODHPUR,Alkaline,7.223869373943696,1.451428175185593,41.45955633409344,34.18967089871859,37.82461361640601
BHILWARA,Black lava soil,8.291058375651783,1.8002672547635736,30.64593736665855,36.701256793730174,33.67359708019436
UDAIPUR,Alkaline,7.991926171803073,2.062943265288329,27.617242883903792,35.5320249314044,31.574633907654096
HANUMANGARH,Alkaline,6.679309942198952,2.006111774207585,24.016672038578022,46.85050926805185,35.43359065331494
HANUMANGARH,Black lava soil,8.099649786460793,1.9838615529486912,29.56457636928425,42.60378060179356,36.08417848553891
ALWAR,Clay,7.336096770061738,1.286990941439774,31.96936609082372,36.84174237743178,34.40555423412775
ALWAR,Clay,7.645601377569016,1.8182133525424853,29.079838004004987,38.89109298141932,33.98546549271215
NAGAUR,Saline,7.984684651204027,1.684298722216721,30.26263184107658,41.80220838146386,36.03242011127022
JODHPUR,Saline,7.391738401231914,1.5303792296589966,36.66275733832564,36.97546618035913,36.819111759342384
JODHPUR,Sandy,7.748894154708888,2.2687060014101905,33.21150617505588,45.03303270516314,39.12226944010951
NAGAUR,Black lava soil,7.2151505185371345,1.8210860332793664,43.189408761301,38.06838762276412,40.628898192032565
JODHPUR,Nitrogenous,6.397352813622047,2.694882066973178,23.273951645956988,38.34323850456075,30.80859507525887
NAGAUR,Saline,8.208205895850146,2.38661999333288,29.2108124507987,36.99807153564447,33.104441993221585
BHILWARA,Sandy,7.569826844782676,2.036668372389068,34.84384947840677,42.46988691102823,38.656868194717504
SRIGANGANAGAR,Black lava soil,7.318826221226949,2.3709111471950632,29.54015766898477,37.98356104044531,33.76185935471504
AJMER,Chalky (Calcareous),7.542263491892162,2.4551078918323728,29.08235913921424,40.283708416484096,34.68303377784917
BHILWARA,Black lava soil,7.556728020028276,2.0929188144513766,34.59935757977215,37.02894563809167,35.81415160893191
JODHPUR,Chalky (Calcareous),7.191928270975528,1.479900644522263,33.49407835140238,38.42459036045538,35.95933435592888
BHILWARA,Saline,7.379284717637503,2.733391278449488,32.52778926607504,34.04541747013137,33.2866033681032
UDAIPUR,Nitrogenous,7.839364034639709,1.5354318297451208,24.32989907032521,37.07103638275655,30.70046772654088
ALWAR,Black lava soil,7.38920015280748,1.2795091827375409,34.79408153233836,30.26328762929593,32.52868458081714
JAIPUR,Loamy,7.9892289028332755,1.5947356850891867,34.28487768491393,40.143877820405,37.214377752659466
AJMER,Clay,7.407451175289391,2.606064602116743,23.802059937374857,45.50665082444775,34.654355380911305
SRIGANGANAGAR,Clay,7.858170040270205,3.162349457161709,27.355266186376504,39.4695468232929,33.412406504834706
SRIGANGANAGAR,Black lava soil,8.116703038176334,1.996155502139316,28.06062109068765,37.54219030490535,32.8014056977965
AJMER,Sandy,6.793637120549722,1.7415765584130858,33.09516473294266,40.55564687648256,36.82540580471262
ALWAR,Sandy,8.159098533617012,1.3209125392612031,27.783682675910484,39.4272028626374,33.60544276927394
JAIPUR,Sandy,7.542047194125098,2.3454554786960964,27.77596580914755,39.77438554837974,33.775175678763645
KOTA,Loamy,7.037055048054425,1.9431666554592824,29.281702350514408,40.15879728290725,34.72024981671083
HANUMANGARH,Loamy,7.537836770306693,1.783852410446335,36.36357366985632,36.39514945765052,36.37936156375342
UDAIPUR,Alkaline,8.889981812111778,1.481004322505385,23.231226626451207,29.61440073113063,26.42281367879092
NAGAUR,Black lava soil,7.382363045013781,3.072912462538244,22.275320389233,32.50409399021151,27.38970718972225
AJMER,Black lava soil,7.949179784173493,2.562388359992906,27.43705601510745,46.95127663755995,37.1941663263337
AJMER,Black lava soil,8.393673207214913,1.876832359410076,18.492641411650062,37.86597902532371,28.179310218486886
JAIPUR,Black lava soil,7.370530601710804,1.90607029949564,35.59447298965335,39.14163173037608,37.36805236001472
KOTA,Black lava soil,8.04924243802591,2.1788306833155446,30.32252986431286,40.36126024118958,35.34189505275122
KOTA,Black lava soil,8.52890558854888,1.2807944166027203,27.42414550453991,42.19726345228995,34.810704478414934
UDAIPUR,Alkaline,8.133980243551544,1.9878007163819216,22.88885175246897,43.77479383070983,33.3318227915894
ALWAR,Chalky (Calcareous),6.529070670310297,1.9980979331646005,22.04929084659851,35.485955365186,28.767623105892252
JODHPUR,Alkaline,7.904632349120993,2.058415087086092,23.572044996219866,32.830970880357924,28.20150793828889
HANUMANGARH,Saline,7.665056895235471,1.5929946653542222,28.1716145873474,42.60724699529764,35.389430791322525
NAGAUR,Black lava soil,8.16848453677798,1.958873150164273,31.532254314816704,40.90994941311399,36.22110186396535
SRIGANGANAGAR,Alkaline,7.719743024004256,1.950845076272812,20.98124757953752,41.822807386777285,31.402027483157404
UDAIPUR,Chalky (Calcareous),7.159913261826024,1.3578064819637428,37.37939575251983,38.85459484539145,38.11699529895564
JODHPUR,Saline,6.931483558426256,1.589092585789327,36.51295198393116,37.24706466499647,36.880008324463816
JAIPUR,Black lava soil,7.754844615612328,1.592800906276838,37.50421515140189,37.66712964398612,37.585672397694005
JAIPUR,Alkaline,7.185664876484569,0.6909334006538601,22.59209614224316,40.67595170493693,31.634023923590043
JAIPUR,Saline,7.336883147779321,1.3273322562923793,28.594179787677213,42.639196749577934,35.61668826862757
NAGAUR,Black lava soil,6.550164859570559,1.9358682597580843,23.08329611514195,43.92073208176749,33.50201409845472
JAIPUR,Alkaline,7.050986386837771,1.6169773987998002,27.693664747508464,41.67984086720288,34.686752807355674
BHILWARA,Loamy,7.363577726829934,2.4850875412839297,24.50795391018724,32.46737370980442,28.48766380999583
KOTA,Chalky (Calcareous),6.997854718252873,1.4090090019658903,34.97986839423223,40.62087842372307,37.80037340897765
AJMER,Clay,7.309618298069098,1.3652673669935935,29.158497884141788,33.96120303728324,31.559850460712514
AJMER,Chalky (Calcareous),7.904556395365689,1.5751395392611518,27.5850803696358,36.68281921390256,32.13394979176918
ALWAR,Clay,7.518787429667933,1.8426545856059533,30.64684003351909,30.851590923959584,30.749215478739337
JAIPUR,Clay,7.8079835030234195,2.5185907028245254,25.447566482342395,41.47359626451151,33.46058137342695
JODHPUR,Alkaline,7.846608800829352,0.9861613641645756,25.569798765108114,43.51570098618025,34.54274987564418
JAIPUR,Saline,8.749215241860748,1.885997136595141,22.96511268948006,46.60497894770355,34.785045818591804
JODHPUR,Nitrogenous,7.5540070604897505,1.5466757274228535,34.7899697074001,34.86959577902188,34.829782743210984
NAGAUR,Saline,7.690712808767171,2.498632783829436,35.90945021279447,38.209602769103405,37.05952649094894
JODHPUR,Alkaline,8.113636911040631,1.3949197485095577,32.19289645460503,45.326881361298014,38.75988890795152
SRIGANGANAGAR,Clay,7.370977242194419,2.6342916178237346,32.457063781777634,47.12313866038622,39.790101221081926
KOTA,Saline,8.275622633213864,2.441143246299608,26.1920606748189,40.7271360870288,33.45959838092385
JODHPUR,Nitrogenous,7.148144800334284,2.8461732862316023,30.721632358630185,41.6967790637811,36.20920571120564
UDAIPUR,Chalky (Calcareous),7.325921301591343,1.962536721940776,28.1569031710715,45.59843889276691,36.877671031919206
ALWAR,Saline,7.641526581129327,1.8303444064309204,29.79331397595415,35.98784980067582,32.89058188831498
BHILWARA,Sandy,7.789464324285618,2.230021161930233,37.70220619888337,36.57162541204935,37.13691580546636
ALWAR,Saline,7.910149187254483,1.524523308452764,33.47966050470425,34.88373388312208,34.181697193913166
BHILWARA,Saline,7.640022671348702,0.6627164359229296,21.245122127973858,40.41220883317421,30.828665480574035
AJMER,Black lava soil,7.315340614920905,1.2102818506412008,25.910540789307472,42.90890885314181,34.40972482122464
ALWAR,Loamy,7.491888441202029,2.5784168905184943,31.98698511729617,38.59748973294192,35.29223742511905
BHILWARA,Alkaline,6.798566921396072,1.945930504804292,35.56050309610669,47.01004662959561,41.28527486285115
KOTA,Clay,7.348557378100503,2.673049897257129,29.033478867760152,39.89071626278938,34.46209756527477
JAIPUR,Alkaline,7.853615686902138,2.737556182154928,29.032861857093973,46.44431712603152,37.73858949156275
NAGAUR,Sandy,7.433498418034969,1.3395538587469191,40.71503527292455,40.79378025468771,40.75440776380613
JODHPUR,Loamy,8.078003334725564,1.695753048134399,24.96066043388935,31.03461801043805,27.9976392221637
UDAIPUR,Nitrogenous,7.35604696156604,2.122519332157703,28.65024051587418,47.97088978102006,38.310565148447125
NAGAUR,Sandy,7.551769076974588,2.7155760588808704,28.699818749097776,41.3459046012758,35.02286167518679
KOTA,Clay,7.39210643683589,1.411119271004321,37.34892129393748,30.79866807602216,34.073794684979816
JODHPUR,Chalky (Calcareous),8.164083026978666,1.7478509920936884,26.96088053692188,48.70470743298496,37.83279398495342
NAGAUR,Sandy,6.855259706395156,2.029224740352825,34.563101612702205,39.70172844003904,37.13241502637062
HANUMANGARH,Sandy,6.649167070856292,1.595137582116358,30.93900169021261,41.01679729999384,35.97789949510322
HANUMANGARH,Alkaline,7.84087170440757,2.4812514429000507,23.869103210936583,43.837396722770656,33.85324996685362
AJMER,Loamy,7.499142923165468,2.54476829153832,41.82703885999987,38.87368678754324,40.35036282377156
JODHPUR,Chalky (Calcareous),6.310784170063336,2.0963257663240125,31.826971209625704,36.72733214500845,34.27715167731708
JAIPUR,Loamy,6.475242741905838,2.1867668417058845,37.27717241957662,42.20029964511573,39.738736032346175
KOTA,Chalky (Calcareous),6.715927843289975,2.228606531846257,28.03308851127672,36.19818179391935,32.11563515259804
JODHPUR,Alkaline,7.303194208983495,2.1912166578462675,23.43918399402241,39.79264111000426,31.61591255201333
SRIGANGANAGAR,Clay,6.95048038773407,2.8983326008375085,25.73252259969329,35.10846025088751,30.4204914252904
BHILWARA,Chalky (Calcareous),8.399240043569058,2.2764526142997408,25.31703996878179,41.00349347144439,33.16026672011309
JODHPUR,Loamy,7.628626710555751,1.8277613956237737,26.25292006521513,37.27456385002205,31.76374195761859
HANUMANGARH,Clay,8.408377814787553,1.365354447378448,37.68078386427473,41.49542867010553,39.58810626719013
BHILWARA,Nitrogenous,7.916578883314718,1.684875352497782,34.32124192349318,36.4000523338903,35.36064712869174
ALWAR,Black lava soil,7.037968596329467,1.3732469938141192,28.925225809605244,43.51329999249653,36.21926290105088
AJMER,Clay,7.620438378600204,1.6671532675532266,31.84508218912584,44.68028083968008,38.26268151440296
KOTA,Chalky (Calcareous),7.888468351465758,2.0152382069603143,25.51373496919372,37.25105320180983,31.382394085501776
SRIGANGANAGAR,Black lava soil,7.342366833041872,2.1340252137948768,33.57587195064029,40.08062393950236,36.828247945071325
JODHPUR,Clay,7.5716531525000015,1.74204734343383,25.37303871178522,36.52425320961564,30.94864596070043
KOTA,Chalky (Calcareous),7.736572726633893,1.6485442809802162,28.810964812870303,42.60344748211335,35.70720614749183
BHILWARA,Black lava soil,6.96023357391698,2.498529678226821,35.63675044677743,35.88081565179423,35.758783049285825
BHILWARA,Black lava soil,8.095545341573096,1.9265732393723496,18.901110262740744,38.75315187413759,28.82713106843917
NAGAUR,Clay,6.918478674857699,1.7932881146817794,30.16198106841789,38.54773041886106,34.35485574363948
UDAIPUR,Saline,8.036270899786379,2.714380081018385,37.17154834676038,30.18355426080513,33.67755130378276
NAGAUR,Black lava soil,7.730412432701932,2.5241999439067704,29.59466447282292,44.29916780733729,36.946916140080106
ALWAR,Chalky (Calcareous),7.784136688576392,2.5431903556029187,31.666849256304392,37.50430524264817,34.58557724947628
NAGAUR,Loamy,8.098584013623928,1.596204329950852,28.882637473815304,48.91961297600884,38.90112522491207
UDAIPUR,Saline,8.340746228709008,1.5580655524296354,30.73649000194542,43.07472319515689,36.90560659855116
BHILWARA,Alkaline,7.754841538621164,2.4058527858066325,31.659592238539435,34.860381174946305,33.25998670674287
JAIPUR,Clay,6.644698322781743,1.8034548996492688,22.160058672198662,34.99342672901017,28.576742700604413
NAGAUR,Black lava soil,7.038905547284187,1.52269094902497,32.59109475222706,39.1024271256376,35.84676093893233
SRIGANGANAGAR,Loamy,7.9471163872504675,1.616838737609287,28.67727050647639,30.292160996898893,29.48471575168764
ALWAR,Sandy,6.307547245524709,2.1730586643988614,32.460071402834494,40.79047437933405,36.62527289108427
JODHPUR,Alkaline,7.909869858629047,1.902263678207013,31.486136107925432,29.38003590937182,30.433086008648623
UDAIPUR,Black lava soil,7.70680812878584,3.067793365038683,31.41017109604672,36.85393925235279,34.13205517419976
KOTA,Loamy,7.483976252918143,2.0167623511942936,18.912044603206148,34.51562460308007,26.71383460314311
AJMER,Saline,7.911033039016264,2.436076552842028,31.620182213532665,39.17925293639113,35.3997175749619
AJMER,Loamy,8.100965834769772,2.004394221316036,30.289320237133783,43.42225238818214,36.85578631265796
UDAIPUR,Alkaline,7.289400591693544,2.488215688599034,24.339254296419966,43.43713377563252,33.88819403602624
UDAIPUR,Saline,7.455727892708493,1.7730542919234358,34.4502886623773,38.99899372849815,36.72464119543773
JAIPUR,Loamy,8.199613975035579,2.769571172905325,37.86199105135164,46.15351452492235,42.007752788137
JAIPUR,Loamy,7.025523586115661,1.5465485626389694,18.2477207368782,35.68010075461961,26.963910745748905
AJMER,Nitrogenous,7.43673371012647,1.544837829035858,33.4758262416507,33.47591554783526,33.47587089474298
NAGAUR,Loamy,7.72083128209303,1.283134987594886,25.812971373422545,32.88020943901196,29.346590406217253
AJMER,Saline,7.589264584860239,1.0177319809485377,22.59427137689142,37.28196551953474,29.93811844821308
ALWAR,Clay,8.496018317979654,2.916948273012188,25.66038768624423,43.74641278439726,34.70340023532074
NAGAUR,Chalky (Calcareous),7.201260570987798,1.252229231750898,29.93850775345972,37.82117751514691,33.87984263430332
HANUMANGARH,Chalky (Calcareous),7.721158434082243,1.6246351964972006,24.240012262104287,41.92985046284438,33.084931362474336
JODHPUR,Clay,6.911677528049974,2.4640453054955405,21.14759431111961,38.70995731901196,29.928775815065787
NAGAUR,Saline,7.181888143674035,1.7174697632244038,39.35537241154057,52.20610861235957,45.78074051195007
NAGAUR,Black lava soil,7.718563389865526,2.046027568655996,32.38120176693833,35.03203498034276,33.706618373640545
ALWAR,Loamy,6.939791040531805,1.6225669017140394,30.160715734822805,40.11169619659304,35.13620596570792
UDAIPUR,Chalky (Calcareous),8.346773566706837,2.075703695312389,28.53657270512361,44.49255852275783,36.51456561394072
AJMER,Sandy,7.087083613380976,2.923197960299624,39.666798738571785,39.942424559616775,39.80461164909429
BHILWARA,Nitrogenous,8.01532990412078,2.5473992511136627,25.97004134470292,33.38826282658352,29.67915208564322
JAIPUR,Clay,7.704532469167028,2.3333139417284454,23.25037181069364,33.26373041209325,28.257051111393444
ALWAR,Saline,7.050600094878082,2.2755085301131497,26.3325896666086,31.863441360263423,29.09801551343601
JODHPUR,Nitrogenous,7.593495104862332,1.9778633400776755,26.35520374983419,40.90147440251722,33.628339076175706
KOTA,Loamy,7.092565925545328,1.2618687279991103,39.02787216343408,39.51619948406555,39.27203582374982
NAGAUR,Black lava soil,8.005419867510156,3.764527593785242,23.777567750555672,36.46223857352947,30.11990316204257
AJMER,Sandy,7.2306048477116445,1.639893989496605,24.37172516099708,32.627486564758826,28.499605862877956
SRIGANGANAGAR,Sandy,7.973403783255935,2.027501468016687,32.1121748645072,38.16398032894126,35.13807759672423
NAGAUR,Sandy,7.643781952583664,1.4179746837970872,28.21004782793332,35.54715594704493,31.878601887489125
BHILWARA,Clay,6.445080879687179,2.66966329474,26.56730623423116,45.34396160697146,35.955633920601315
KOTA,Black lava soil,6.857000146741753,1.4557943821635773,42.80251479677842,39.84240743335948,41.32246111506895
JAIPUR,Sandy,7.628686553208674,1.6845767985264055,32.1617635710017,29.838231178508074,30.999997374754887
UDAIPUR,Sandy,6.839222106744474,2.0105463739252936,24.34466382248706,34.62669480283569,29.48567931266137
JODHPUR,Nitrogenous,7.108823038749003,2.426582653206596,31.23740273820052,44.394819865353256,37.816111301776886
JODHPUR,Black lava soil,7.740304296673673,2.723281645625684,27.70070368842429,33.49445366804328,30.597578678233784
SRIGANGANAGAR,Clay,7.28550964131379,2.482384947151223,36.49993686131067,31.02904066725282,33.764488764281744
UDAIPUR,Loamy,8.041572606330368,1.0807406883639643,34.49058662061174,43.51266656966928,39.00162659514051
ALWAR,Saline,6.833775826052717,2.5855838163530733,22.675126269475555,35.009526861154825,28.84232656531519
HANUMANGARH,Loamy,6.622857573588751,2.047263783794234,39.03044558918481,40.48577893543124,39.758112262308025
BHILWARA,Sandy,8.05834063753376,2.116047318964269,32.494415973841065,40.97538462711301,36.73490030047704
ALWAR,Clay,7.768739352303214,1.7107701355618343,29.61252850053506,44.13201658665263,36.87227254359384
BHILWARA,Nitrogenous,6.96698391418616,1.9742288956961744,39.560027345263485,46.74589524444352,43.1529612948535
JODHPUR,Loamy,7.512215920089017,2.160498781843012,35.01118083351463,30.24198543558557,32.6265831345501
NAGAUR,Saline,6.8422793464750775,2.654722050701324,28.61555322115598,33.72919506502198,31.17237414308898
JAIPUR,Chalky (Calcareous),7.222491649227945,1.2988153582880877,40.45547136366238,39.71024729118641,40.0828593274244
JAIPUR,Sandy,7.794038337583916,2.481172584633285,34.7294407827732,36.84577224604572,35.78760651440946
KOTA,Saline,7.351066597521569,2.384515827721138,27.3630546918019,41.99381882212407,34.67843675696298
UDAIPUR,Black lava soil,7.892592541155188,1.1111595188148993,33.57372824944473,43.537288554321904,38.55550840188332
AJMER,Alkaline,7.888465846177414,2.803957530559579,36.76726823810601,47.2183515958312,41.99280991696861
JODHPUR,Chalky (Calcareous),7.645689492407973,2.01609254351842,34.36408541589167,38.4546688163087,36.40937711610019
UDAIPUR,Sandy,7.702411704404134,1.9824517666077028,25.73033545769972,40.27599621265045,33.00316583517508
JAIPUR,Clay,8.524354128849426,1.1872538649000837,27.216106135783168,45.68690548814457,36.45150581196387
JAIPUR,Saline,7.699734686301093,2.155236377090376,24.363681037229263,41.61252330144952,32.98810216933939
JAIPUR,Clay,6.817947003090821,1.7340611248553357,32.504586645429285,48.02677981180904,40.26568322861917
JODHPUR,Clay,8.111968172118946,1.2142900008308497,25.338143784090065,36.08704318725933,30.7125934856747
UDAIPUR,Black lava soil,7.883194238286199,1.7930525288625716,32.303986218079835,43.98987627290953,38.146931245494685
SRIGANGANAGAR,Alkaline,7.222445386035825,2.0060848411414525,29.53562749303473,34.23457834130109,31.88510291716791
KOTA,Nitrogenous,7.983897234501713,2.199496078750848,35.250245207767136,40.71495317404608,37.98259919090661
JODHPUR,Alkaline,6.636994690666617,1.8648166516194151,29.86307839798128,43.43478316049339,36.64893077923733
UDAIPUR,Alkaline,8.268030590854764,2.298768852947364,26.443483865252603,41.181118231321165,33.81230104828688
NAGAUR,Black lava soil,7.030422215114659,1.80780631170354,28.97116503161414,29.596297373045108,29.283731202329623
BHILWARA,Saline,8.102909210358021,1.531602382520309,23.13960406365193,43.65949034617191,33.39954720491192
HANUMANGARH,Chalky (Calcareous),8.127259351190595,2.400350973772788,40.29922500868701,39.21761311938421,39.75841906403561
NAGAUR,Nitrogenous,7.671463188660671,2.6217345641729817,26.10312337369941,38.45519992701046,32.279161650354936
BHILWARA,Clay,6.447708600617334,2.069039204208773,20.56935648024487,44.32644878067625,32.44790263046056
UDAIPUR,Nitrogenous,7.261561769678082,2.838557935093436,22.69749550290756,43.3756852820346,33.03659039247108
AJMER,Saline,6.641983375844656,3.3553971495202664,29.68127357248017,32.96456402607991,31.32291879928004
SRIGANGANAGAR,Clay,7.389990986170163,1.93629656380502,30.51322764269832,43.16612655057547,36.8396770966369
JODHPUR,Loamy,7.306185083668376,1.0325179413797645,29.253192521751792,41.76885315445695,35.51102283810437
HANUMANGARH,Chalky (Calcareous),7.010349884858682,2.0816801774579003,36.57037490762302,45.30628129256059,40.93832810009181
AJMER,Saline,7.283305216656923,2.8765974010327926,28.17423693400893,43.43619225197644,35.805214592992684
JODHPUR,Nitrogenous,7.282105135188182,1.5792752429354957,27.610800746481043,46.71090065622427,37.16085070135266
JAIPUR,Chalky (Calcareous),6.532956127270212,2.0115403294752103,33.124517973270216,46.54932584716767,39.83692191021895
JAIPUR,Chalky (Calcareous),7.462827335120738,1.907724278907028,32.96164773506672,38.04795630859765,35.504802021832184
BHILWARA,Black lava soil,7.75807201979319,1.6737358533916775,26.944114239903364,46.76534580083204,36.8547300203677
AJMER,Nitrogenous,5.889491822007143,2.197799417381471,30.17135907100111,41.54863389568001,35.85999648334056
JODHPUR,Loamy,7.737875995915766,2.2948196156787,16.740859684775256,36.3113164765758,26.526088080675528
AJMER,Loamy,7.843283873376588,2.370536890341143,25.616514571903537,38.07253379543821,31.844524183670877
SRIGANGANAGAR,Nitrogenous,6.464311410330922,2.5838709627638896,26.1247751849188,37.98467065981639,32.0547229223676
KOTA,Saline,7.636118362663694,1.9713647945889488,32.74033462353585,36.288068147846325,34.51420138569109
KOTA,Chalky (Calcareous),7.442001463839233,2.948943646329353,29.43093730793121,40.19277584392159,34.8118565759264
UDAIPUR,Black lava soil,7.258170681281216,1.87663778794278,29.1579014398556,46.87305633788277,38.01547888886918
BHILWARA,Chalky (Calcareous),7.67984042384316,2.593538839370878,25.176051311851573,36.37848732896167,30.77726932040662
ALWAR,Chalky (Calcareous),7.657222295437426,1.8205208074102928,33.64886468517098,40.2151548666064,36.93200977588869
JODHPUR,Clay,7.843428955506128,0.9673486124796948,40.608156536651016,29.874800431619136,35.24147848413507
ALWAR,Alkaline,7.579046949288393,2.0167217339865755,29.590528102137537,43.73722485713528,36.66387647963641
SRIGANGANAGAR,Saline,7.648938095511922,2.225077816973324,29.478207752809567,32.604019908211164,31.04111383051037
KOTA,Nitrogenous,7.569825837107948,2.0325123155943903,34.06640203032296,31.28163698801732,32.67401950917014
JODHPUR,Saline,7.578411508049097,2.140615246109302,37.447997047238246,45.7734688335836,41.61073294041093
AJMER,Sandy,8.68370718201356,1.8111175562387607,23.54528890253388,40.0700248368569,31.807656869695396
BHILWARA,Alkaline,7.781893937503457,1.7043026350809762,37.77599267073671,31.303974239136,34.539983454936355
SRIGANGANAGAR,Sandy,8.053355212143659,0.8626894843969002,28.97935115563642,39.93978223520034,34.45956669541838
BHILWARA,Nitrogenous,6.939616174651875,1.971301268106603,29.74599605690233,43.311314910798096,36.528655483850216
UDAIPUR,Clay,6.98044441581613,2.8437740276183967,31.22557142186309,36.85925300122179,34.04241221154244
JODHPUR,Saline,8.143191068497767,1.871473795593468,31.387762567467657,35.01534186798936,33.20155221772851
UDAIPUR,Black lava soil,7.844102653226441,1.778196584896307,25.73088456247812,43.4947653585871,34.61282496053261
AJMER,Alkaline,7.185481069398195,1.9411725341989177,30.075138751435485,32.64436797313241,31.359753362283943
ALWAR,Black lava soil,7.668138944623781,1.6314853194236514,35.28362455640209,43.59584333177719,39.43973394408964
HANUMANGARH,Loamy,8.409885893656298,1.9584553361284085,33.2444096295192,52.26184956434362,42.75312959693141
JAIPUR,Nitrogenous,8.49181682621801,2.005940217258896,31.93293114952596,39.26430247592946,35.59861681272771
SRIGANGANAGAR,Loamy,7.171687964600148,2.436994875503441,30.39219623041835,35.828643284660174,33.11041975753926
JODHPUR,Sandy,6.641163925818302,2.1180712049395507,34.524810207471,47.182147597794334,40.853478902632666
ALWAR,Black lava soil,7.148041837292228,1.47264777251704,29.663848464019345,43.849843656676114,36.756846060347726
AJMER,Clay,7.112518587968007,2.684047118407449,39.83458481254127,46.24855210092159,43.04156845673143
AJMER,Black lava soil,6.97175146468737,2.537610770590958,35.23638204279732,39.92218455564853,37.57928329922292
KOTA,Clay,6.022875529378984,1.6791364281739354,26.870419911576988,40.61121502273533,33.74081746715616
HANUMANGARH,Nitrogenous,7.290518277239383,1.587693995117489,24.7059992587609,45.60749605924964,35.15674765900527
HANUMANGARH,Black lava soil,7.169487472686253,1.7425306467833637,27.71651192488377,42.281247442642666,34.99887968376322
JODHPUR,Sandy,5.977671730378419,2.510817606913804,37.18184017121877,35.13850877632583,36.1601744737723
AJMER,Saline,7.274873306110864,1.6219979902716977,31.11963436973303,34.4103619598163,32.76499816477467
AJMER,Saline,8.269598600087454,1.535890016325991,36.21714139051463,30.95366142705871,33.585401408786666
JAIPUR,Sandy,7.817664597608103,1.941166348903573,27.722664718751297,42.37316742783396,35.047916073292626
NAGAUR,Clay,7.853795910987309,2.589126423774001,32.040679563891786,37.63177271174405,34.83622613781792
AJMER,Saline,8.97152416763431,2.362245530190864,41.846436504057486,41.209010357778745,41.52772343091812
HANUMANGARH,Saline,7.6507035348905585,1.9817099800615767,21.3109769207675,46.053372762710985,33.68217484173924
SRIGANGANAGAR,Chalky (Calcareous),7.200180002589399,2.205976499530905,34.257955229465985,37.74348567828168,36.00072045387383
NAGAUR,Black lava soil,6.99104425476142,1.5889171966552966,23.56197358173469,47.09727840398919,35.32962599286194
ALWAR,Black lava soil,7.042261485454854,2.063229609530345,27.485656231645223,46.55581148301808,37.02073385733165
JODHPUR,Chalky (Calcareous),7.932034991069473,2.153067276551378,28.84470231579551,49.71764440561098,39.28117336070325
SRIGANGANAGAR,Nitrogenous,7.120163491123724,2.3318231735164208,35.297827863116986,45.19006263657981,40.2439452498484
AJMER,Alkaline,7.8821066016694274,2.8639819176908827,27.653267667866444,37.47255122277745,32.56290944532195
AJMER,Loamy,7.604426771267166,2.029106363542528,28.032810518627247,42.352414980645534,35.19261274963639
SRIGANGANAGAR,Clay,8.4861722395411,2.232125619061502,33.04567759526757,41.985233349412,37.51545547233978
JAIPUR,Saline,7.965832983434048,2.1976868405928327,28.43661415173362,38.75513172359663,33.59587293766512
KOTA,Nitrogenous,7.657064748225333,1.8419585194385133,31.57169341565715,44.16589715635091,37.86879528600403
SRIGANGANAGAR,Chalky (Calcareous),8.14139748441949,2.0390037092394286,23.46111717426169,40.220312837033,31.840715005647347
KOTA,Loamy,6.582115621911455,2.694332260051241,30.711889562552333,46.82763231263133,38.76976093759183
JODHPUR,Alkaline,7.1849285849288265,2.287020965442016,29.45067938449032,36.1390380609781,32.79485872273421
KOTA,Loamy,8.332801606843264,1.8122499799622145,33.49732123447851,45.899942648448935,39.69863194146373
BHILWARA,Alkaline,8.02610557797853,2.048717055148652,28.865287669310376,51.44395330440145,40.15462048685591
JAIPUR,Nitrogenous,6.618381650548257,2.391013693787064,25.441913489230487,38.76059940460669,32.10125644691858
ALWAR,Loamy,7.285840871101122,1.994767435473636,24.32914427361105,31.029282444007,27.679213358809022
JAIPUR,Alkaline,7.769882256414171,1.8367320737327144,24.14537553096273,32.21524456646761,28.18031004871517
SRIGANGANAGAR,Saline,7.519856910859818,1.2885615460942228,32.306360421589154,37.745029914853454,35.025695168221304
KOTA,Sandy,7.646974693971581,1.613728944078882,29.71018000165849,43.154378017980775,36.43227900981963
NAGAUR,Loamy,8.382456902775386,3.3961044339549806,30.455840733332195,31.09687163546256,30.77635618439738
BHILWARA,Sandy,8.251367163152795,2.388114252362053,27.58033277524384,38.72761961677329,33.153976196008564
BHILWARA,Chalky (Calcareous),7.270987408492722,2.2376674627137456,24.683227500848407,34.72005094036578,29.70163922060709
BHILWARA,Saline,6.974972605088407,1.5451551057958328,33.79750018758061,33.26002107816416,33.528760632872384
JAIPUR,Sandy,7.197160000032101,1.9839788146597568,24.09513758167808,50.55648167049792,37.325809626088
NAGAUR,Clay,7.069717298093057,1.8384788156134968,28.16381499600357,43.10673369984551,35.63527434792454
AJMER,Alkaline,7.974071475236025,1.847022784234204,23.817608567038256,39.523294544016586,31.67045155552742
KOTA,Saline,8.365160907428585,0.8772070512174186,30.977016106416603,38.23367932280921,34.605347714612904
JODHPUR,Clay,7.387253288332682,2.147755845795169,27.20602090557521,38.310924529042985,32.7584727173091
UDAIPUR,Nitrogenous,7.1862896327868135,2.61442827510028,32.30539016148217,44.04285503445058,38.17412259796637
BHILWARA,Loamy,7.367822083398266,1.6128980908235495,26.986878476927213,34.70394145813549,30.845409967531356
HANUMANGARH,Clay,7.249869491706662,1.7419416790642828,40.62278114914507,39.10190139297183,39.862341271058455
BHILWARA,Clay,8.362846896407385,2.060922232066227,33.76708736710546,36.6633330939176,35.21521023051153
UDAIPUR,Nitrogenous,6.379042032745543,2.102727843518152,26.121966976988045,37.50506372010444,31.81351534854624
JAIPUR,Loamy,8.372430703311746,3.2024187711269865,31.086039687642003,34.11386791274395,32.59995380019298
SRIGANGANAGAR,Loamy,7.734270080773035,2.891452800032572,28.763298064874217,43.35024835907762,36.05677321197592
HANUMANGARH,Nitrogenous,7.992699855725025,1.2070771798070763,30.882420918314764,39.63446348995531,35.25844220413504
JODHPUR,Clay,7.104614540457323,2.507968611781778,27.983101270156588,29.7526275716516,28.86786442090409
HANUMANGARH,Sandy,8.130424759999656,2.308331988235559,30.439867735645844,37.35500792898437,33.897437832315106
KOTA,Black lava soil,6.962131675779195,1.7842721777200576,19.39956392439913,38.44531241824453,28.92243817132183
AJMER,Alkaline,7.8049400235952096,1.9800367683133184,33.9746155693778,45.29085046912051,39.63273301924915
UDAIPUR,Nitrogenous,7.735254923689278,2.005931339590392,25.096059957932205,48.39873691110765,36.74739843451992
JAIPUR,Chalky (Calcareous),7.671053019825209,2.9586295742130613,22.372141459694586,44.27600753874131,33.32407449921795
NAGAUR,Black lava soil,7.632145105076625,2.656891088285904,29.922641796366303,38.93203378897479,34.42733779267055
UDAIPUR,Chalky (Calcareous),6.733658014538133,1.4357046634514827,34.86221998959005,41.815021424030384,38.33862070681022
JODHPUR,Chalky (Calcareous),6.639461239519766,1.820798212243556,23.875000556699742,37.081389332186994,30.478194944443366
ALWAR,Saline,6.957126144609226,2.014898082560712,26.79922771582694,36.32594551232904,31.562586614077997
SRIGANGANAGAR,Nitrogenous,6.800385870387684,0.9235432421212422,29.846067487932924,32.85547696744136,31.350772227687145
HANUMANGARH,Alkaline,8.094613230627893,2.333622573714621,29.85891060531385,43.31268016699306,36.58579538615346
SRIGANGANAGAR,Loamy,7.088572049240784,1.480389918004617,34.08990772226931,40.84873883985331,37.46932328106131
UDAIPUR,Black lava soil,7.076751098565547,2.303973783502877,26.222505584330253,47.2347207319349,36.728613158132575
NAGAUR,Black lava soil,7.169582882094927,1.2135053714635695,24.73726404064945,41.27365568690104,33.00545986377524
SRIGANGANAGAR,Clay,7.435561310655623,1.7454530973442153,32.42679953776595,41.52832784321298,36.97756369048946
AJMER,Sandy,7.134372715593521,1.551170307362473,26.81256282587494,39.75585082033148,33.28420682310321
NAGAUR,Loamy,7.617727897555557,0.1558173542857779,25.96174721126617,47.52531019304165,36.74352870215391
NAGAUR,Saline,6.959998695808934,2.0813983090499564,37.47515154867919,41.96987612932201,39.7225138390006
ALWAR,Nitrogenous,7.09886408303274,1.747683128855383,25.984445830233422,53.60956073953247,39.79700328488295
NAGAUR,Loamy,7.922227936035833,2.5508689308931043,32.45996743418248,41.974789851616535,37.217378642899504
SRIGANGANAGAR,Saline,8.036464807253672,1.5733002629804442,34.82663333580563,49.26020022406835,42.04341677993699
JAIPUR,Nitrogenous,7.291108493743191,1.4511945088621363,28.19185945313728,30.857970595790185,29.52491502446373
KOTA,Nitrogenous,6.465812142284484,2.0446976394658067,27.78705353612922,44.72655885617933,36.25680619615427
KOTA,Clay,7.223715326940574,1.0634970845346898,40.22240778599972,34.704814389939514,37.46361108796962
NAGAUR,Alkaline,8.051860006861299,1.807755439479241,29.683050739825948,45.41791551554998,37.55048312768796
SRIGANGANAGAR,Nitrogenous,7.333269653409114,2.7599760029571496,19.32100075632597,35.80236220991171,27.56168148311884
SRIGANGANAGAR,Saline,8.186135658303996,2.0710222394152726,26.63547333995299,44.46594173603626,35.550707537994626
SRIGANGANAGAR,Sandy,7.820947061429319,1.4851518801834698,27.579914381889576,39.793701736749696,33.68680805931964
BHILWARA,Sandy,7.874872737719174,0.992549383746696,31.67163527276752,35.80749691808024,33.73956609542388
AJMER,Clay,7.1287566111152,1.892731167741018,11.994574477702413,35.62092587676853,23.807750177235476
NAGAUR,Saline,7.766391604661312,1.5972366587447395,28.92443099914755,44.97175759907712,36.948094299112334
JAIPUR,Nitrogenous,7.951135699971727,1.750063784794574,32.71516139644826,39.01953394661531,35.86734767153179
SRIGANGANAGAR,Sandy,7.704842671873274,1.7015032057895338,37.46501552221602,43.09180283129832,40.278409176757165
ALWAR,Loamy,8.22780023962865,2.5158268872875875,22.955404486547376,44.25359697230324,33.60450072942531
JAIPUR,Sandy,7.945931511080374,1.4433525829426843,26.71482381491338,36.19119814658677,31.45301098075008
SRIGANGANAGAR,Alkaline,7.350151971667842,2.7879379047509847,29.76100374807605,35.61191321568548,32.68645848188076
UDAIPUR,Clay,7.666359664792594,1.3334259957613956,28.76332018051791,46.49574910273834,37.629534641628126
HANUMANGARH,Alkaline,7.833774040184998,1.6429674410089106,35.8920965878186,33.82148488975295,34.856790738785776
JODHPUR,Clay,7.413979320367264,2.719084600572851,30.826200250324625,48.186058223514266,39.50612923691945
KOTA,Chalky (Calcareous),6.784322576472786,1.357200442973614,21.92076764516584,40.83246563557562,31.37661664037073
ALWAR,Saline,8.271368183639888,2.121737538568385,27.979214202603487,40.58853709230479,34.28387564745414
SRIGANGANAGAR,Chalky (Calcareous),6.664119363335916,3.3551658221674465,32.599355090509555,43.0758199213929,37.83758750595123
JAIPUR,Nitrogenous,7.854705490293303,1.929723257248784,26.843794318796498,41.92855420265726,34.386174260726875
UDAIPUR,Chalky (Calcareous),7.095054950455296,2.709517805683632,31.46676018161492,46.9596044383996,39.21318231000726
ALWAR,Black lava soil,7.510944410582417,2.1584760034920576,34.05013619253058,40.270258314230006,37.16019725338029
ALWAR,Saline,7.562774293325574,1.5219707241583027,41.588183943369394,33.50948048156421,37.548832212466806
SRIGANGANAGAR,Clay,8.15711328785179,2.356633125398272,24.87017591259611,47.33925222498655,36.10471406879133
NAGAUR,Clay,7.484868471201507,3.299411450037291,21.379690945659824,45.83264168110502,33.60616631338242
KOTA,Black lava soil,7.945671950802623,1.897822136677176,28.54779258994425,44.07877243326035,36.313282511602296
UDAIPUR,Alkaline,7.801236718141181,2.520028945396694,24.905650214666323,35.29992033938123,30.102785277023777
AJMER,Clay,7.306943611956929,2.5076104459071527,30.539919603626146,40.96703183594858,35.75347571978736
KOTA,Black lava soil,7.529845940289868,2.053091459720108,26.81095653570032,45.63894013555823,36.22494833562928
HANUMANGARH,Chalky (Calcareous),7.556985334063886,1.6032701350582643,25.374576897606826,40.3693171720544,32.87194703483061
SRIGANGANAGAR,Clay,8.09679326773813,1.3297556793167815,28.40086861055622,30.831471161852825,29.616169886204524
JODHPUR,Clay,7.083200858516797,1.6600557301319068,26.020148130747508,39.19720195249101,32.60867504161926
NAGAUR,Nitrogenous,7.222356948699482,2.2139813132763173,38.61537358823125,30.38614113968832,34.500757363959785
HANUMANGARH,Alkaline,7.78853609191757,1.9109883549680808,30.77577671432678,40.587943149436015,35.6818599318814
ALWAR,Black lava soil,7.575703698036009,1.7105241213255384,25.518162260874096,41.17129632228383,33.344729291578965
JODHPUR,Alkaline,7.799498170842132,2.426674488670073,27.52904988466544,44.812512959766494,36.17078142221597
HANUMANGARH,Nitrogenous,8.082797447572064,1.970583572934239,28.89534137530193,34.25146263551297,31.57340200540745
UDAIPUR,Loamy,7.403195244482246,2.372293199236565,33.20973564721851,41.08859100543583,37.14916332632717
BHILWARA,Loamy,7.087674829854656,2.3517460741125125,29.61089281931764,38.191380819533066,33.90113681942535
ALWAR,Nitrogenous,7.468553066550071,1.7760611775340207,33.29071518001282,47.96482048013691,40.62776783007486
ALWAR,Black lava soil,8.23260525174069,1.5542282550727475,30.3485213471464,38.36676218405695,34.35764176560168
BHILWARA,Sandy,8.501213733822398,1.8462142914421005,31.801130185387144,34.9968531375838,33.39899166148547
HANUMANGARH,Sandy,7.072452262795397,1.3969888142959406,25.570146330511115,42.72291200396814,34.14652916723963
ALWAR,Saline,8.527096920628034,2.073910369518264,22.918655703296963,37.70561577487501,30.312135739085985
KOTA,Clay,6.991207611393312,2.430091319197578,34.05130022187667,43.62540522223754,38.83835272205711
AJMER,Loamy,8.263406331788632,2.95127910261478,44.32606011542981,54.121102131976016,49.223581123702914
KOTA,Clay,7.322896805745605,1.7037672723097428,31.635361874389226,41.99522070323263,36.815291288810926
JAIPUR,Black lava soil,6.83996140613135,1.8806236989682827,36.4279111718084,40.707978933699415,38.56794505275391
KOTA,Black lava soil,7.737629302358655,2.58533081465883,21.72387643905284,38.65930430379118,30.19159037142201
JAIPUR,Nitrogenous,7.583318947655919,2.529975084881188,24.029066742940778,30.322850201430967,27.175958472185872
HANUMANGARH,Nitrogenous,7.225420529118112,2.665216172189408,29.39706405763265,37.571606277124765,33.48433516737871
JAIPUR,Saline,6.756069148254689,1.4374069491344192,31.944094551318567,45.56317152601651,38.75363303866754
JAIPUR,Clay,7.464439854584832,2.042797351972262,28.60813516196053,43.91579943888505,36.26196730042279
JODHPUR,Loamy,7.667527175956086,2.282394552953824,28.93955165039787,38.31061112263097,33.62508138651442
NAGAUR,Saline,7.501115811081201,1.862678125316852,27.71390730340402,42.338450519294426,35.02617891134922
SRIGANGANAGAR,Nitrogenous,8.155302956406732,2.58555098583478,23.717173320272824,38.40920749191036,31.063190406091596
UDAIPUR,Sandy,7.800366507572796,1.5468923339763945,30.709899569370027,32.57697604040174,31.643437804885885
JODHPUR,Sandy,7.804133583172095,2.672967503919158,29.12676027159186,39.051532532737966,34.089146402164914
AJMER,Alkaline,7.924792265523308,0.8907150170244502,42.09388889656732,38.57687247873161,40.33538068764946
HANUMANGARH,Nitrogenous,6.513955486678091,2.1440141841527445,22.78037226463121,42.05782859582141,32.41910043022631
KOTA,Chalky (Calcareous),7.029298415498988,2.5604835118071887,34.027873514030865,40.04428851834448,37.03608101618767
KOTA,Clay,6.792237966543147,2.488936136105569,28.64814300432104,46.76019682987163,37.70416991709634
SRIGANGANAGAR,Sandy,8.549703760251255,1.9793759355103984,40.79560577301646,38.097720479168245,39.44666312609235
BHILWARA,Chalky (Calcareous),7.184770772907261,2.818541203996371,26.099280593061145,37.20418082470396,31.651730708882557
JODHPUR,Saline,7.269846618712818,2.515124846984784,28.09981576855323,45.66402348587403,36.881919627213634
JAIPUR,Alkaline,8.298698646610811,2.3223449016421167,26.726151121880253,40.39957631870018,33.56286372029022
NAGAUR,Saline,7.660465030962829,1.506067044930114,33.61518969789932,31.42145840680936,32.51832405235434
HANUMANGARH,Saline,7.035536758769635,1.747935663174168,29.635711555794725,41.19085653069814,35.413284043246435
AJMER,Chalky (Calcareous),7.079614055050688,2.110315402153581,28.2395612627306,42.90283843517808,35.57119984895434
JODHPUR,Nitrogenous,8.104615323611968,1.987856752164987,38.19480263799917,36.46280227593906,37.32880245696912
JAIPUR,Nitrogenous,8.604927832874232,2.1634972566350488,25.824377480138825,50.38888792599222,38.10663270306552
